APID,Vendor,InvoiceDate,DueDate,Amount,Currency,Status,PaidDate,Terms,Amount_GBP
AP10000,Fast Travel,2024-01-13,2024-02-12,3748.89,USD,Partial,,Net 30,2961.62
AP10001,Fast Travel,2024-12-12,2025-01-11,8225.96,CAD,Paid,2024-12-18,Net 30,4771.06
AP10002,BluePrints,2024-02-17,2024-03-18,7629.79,GBP,Partial,,Net 30,7629.79
AP10003,Global Office,2024-11-28,2024-12-28,6350.85,AUD,Partial,,Net 30,3302.44
AP10004,TechFlow Solutions,2024-01-04,2024-02-03,2478.92,AUD,Paid,2024-01-17,Net 30,1289.04
AP10005,ABC Supplies,2024-04-20,2024-05-20,5115.26,GBP,Paid,2024-04-28,Net 30,5115.26
AP10006,Nexus Logistics,2024-06-25,2024-07-25,12126.21,AUD,Partial,,Net 30,6305.63
AP10007,Fast Travel,2024-07-12,2024-08-11,4468.36,CAD,Paid,2024-08-04,Net 30,2591.65
AP10008,Global Office,2024-12-26,2025-01-25,9952.82,EUR,Open,,Net 30,8459.9
AP10009,Global Office,2024-02-21,2024-03-22,6855.81,EUR,Open,,Net 30,5827.44
AP10010,Nexus Logistics,2024-06-30,2024-07-30,4077.97,GBP,Partial,,Net 30,4077.97
AP10011,ABC Supplies,2024-09-30,2024-10-30,2534.7,AUD,Paid,2024-11-03,Net 30,1318.04
AP10012,Starlight Media,2024-04-22,2024-05-22,12658.49,GBP,Open,,Net 30,12658.49
AP10013,BluePrints,2024-06-10,2024-07-10,1086.21,CAD,Partial,,Net 30,630.0
AP10014,Nexus Logistics,2024-04-18,2024-05-18,5994.92,AUD,Open,,Net 30,3117.36
AP10015,TechFlow Solutions,2024-03-12,2024-04-11,8464.39,EUR,Partial,,Net 30,7194.73
AP10016,Titan Manufacturing,2024-08-07,2024-09-06,6051.07,USD,Open,,Net 30,4780.35
AP10017,Starlight Media,2024-09-09,2024-10-09,802.03,GBP,Open,,Net 30,802.03
AP10018,ABC Supplies,2024-12-14,2025-01-13,1046.56,AUD,Partial,,Net 30,544.21
AP10019,Apex Consulting,2024-09-27,2024-10-27,8343.07,GBP,Partial,,Net 30,8343.07
AP10020,Fast Travel,2024-12-15,2025-01-14,11288.08,EUR,Open,,Net 30,9594.87
AP10021,TechFlow Solutions,2024-08-10,2024-09-09,148.36,EUR,Partial,,Net 30,126.11
AP10022,ABC Supplies,2024-09-16,2024-10-16,13070.73,EUR,Partial,,Net 30,11110.12
AP10023,Starlight Media,2024-11-07,2024-12-07,5671.32,USD,Partial,,Net 30,4480.34
AP10024,Starlight Media,2024-01-01,2024-01-31,7380.23,GBP,Paid,2024-02-03,Net 30,7380.23
AP10025,TechFlow Solutions,2024-05-02,2024-06-01,13182.34,GBP,Open,,Net 30,13182.34
AP10026,Apex Consulting,2024-02-05,2024-03-06,8037.32,USD,Open,,Net 30,6349.48
AP10027,Apex Consulting,2024-10-08,2024-11-07,7962.34,CAD,Paid,2024-11-12,Net 30,4618.16
AP10028,Global Office,2024-10-03,2024-11-02,10379.03,EUR,Paid,2024-10-29,Net 30,8822.18
AP10029,Nexus Logistics,2024-08-12,2024-09-11,6827.14,USD,Open,,Net 30,5393.44
AP10030,Fast Travel,2024-06-22,2024-07-22,-2814.22,CAD,Open,,Net 30,-1632.25
AP10031,BluePrints,2024-02-06,2024-03-07,977.22,GBP,Open,,Net 30,977.22
AP10032,Nexus Logistics,2024-02-06,2024-03-07,4249.31,AUD,Open,,Net 30,2209.64
AP10033,Starlight Media,2024-03-08,2024-04-07,13247.51,CAD,Paid,2024-03-20,Net 30,7683.56
AP10034,Apex Consulting,2024-07-27,2024-08-26,1544.27,AUD,Paid,2024-08-14,Net 30,803.02
AP10035,Green Energy Co,2024-08-27,2024-09-26,907.15,GBP,Open,,Net 30,907.15
AP10036,Green Energy Co,2024-06-22,2024-07-22,1728.11,USD,Open,,Net 30,1365.21
AP10037,Starlight Media,2024-08-17,2024-09-16,2833.97,AUD,Open,,Net 30,1473.66
AP10038,Fast Travel,2024-08-14,2024-09-13,12853.91,GBP,Open,,Net 30,12853.91
AP10039,Starlight Media,2024-01-08,2024-02-07,13902.87,USD,Open,,Net 30,10983.27
AP10040,Green Energy Co,2024-09-05,2024-10-05,12983.29,GBP,Open,,Net 30,12983.29
AP10041,Green Energy Co,2024-01-02,2024-02-01,4051.53,AUD,Paid,2024-01-20,Net 30,2106.8
AP10042,Starlight Media,2024-12-04,2025-01-03,2406.47,EUR,Open,,Net 30,2045.5
AP10043,BluePrints,2024-10-23,2024-11-22,1008.27,EUR,Open,,Net 30,857.03
AP10044,BluePrints,2024-10-26,2024-11-25,13798.87,CAD,Open,,Net 30,8003.34
AP10045,BluePrints,2024-09-17,2024-10-17,2868.79,CAD,Open,,Net 30,1663.9
AP10046,Global Office,2024-07-25,2024-08-24,13365.28,USD,Partial,,Net 30,10558.57
AP10047,Titan Manufacturing,2024-01-21,2024-02-20,6346.45,CAD,Partial,,Net 30,3680.94
AP10048,Starlight Media,2024-06-10,2024-07-10,3143.46,EUR,Open,,Net 30,2671.94
AP10049,TechFlow Solutions,2024-07-21,2024-08-20,9717.96,AUD,Paid,2024-08-24,Net 30,5053.34
AP10050,Fast Travel,2024-01-05,2024-02-04,14976.97,GBP,Open,,Net 30,14976.97
AP10051,Starlight Media,2024-04-19,2024-05-19,2073.6,EUR,Open,,Net 30,1762.56
AP10052,Global Office,2024-07-08,2024-08-07,6628.95,CAD,Partial,,Net 30,3844.79
AP10053,TechFlow Solutions,2024-11-09,2024-12-09,12125.79,CAD,Open,,Net 30,7032.96
AP10054,Starlight Media,2024-06-02,2024-07-02,1643.44,USD,Paid,2024-06-10,Net 30,1298.32
AP10055,Fast Travel,2024-10-10,2024-11-09,4298.17,USD,Partial,,Net 30,3395.55
AP10056,Nexus Logistics,2024-04-14,2024-05-14,12808.4,CAD,Paid,2024-04-27,Net 30,7428.87
AP10057,BluePrints,2024-02-17,2024-03-18,12457.29,GBP,Open,,Net 30,12457.29
AP10058,Nexus Logistics,2024-03-07,2024-04-06,4003.13,AUD,Partial,,Net 30,2081.63
AP10059,Green Energy Co,2024-10-14,2024-11-13,-468.69,USD,Partial,,Net 30,-370.27
AP10060,BluePrints,2024-07-08,2024-08-07,2306.6,USD,Open,,Net 30,1822.21
AP10061,TechFlow Solutions,2024-07-05,2024-08-04,11962.22,GBP,Paid,2024-07-16,Net 30,11962.22
AP10062,Global Office,2024-12-07,2025-01-06,11723.73,AUD,Partial,,Net 30,6096.34
AP10063,ABC Supplies,2024-05-01,2024-05-31,14645.47,USD,Paid,2024-05-06,Net 30,11569.92
AP10064,ABC Supplies,2024-06-19,2024-07-19,6234.53,USD,Paid,2024-06-29,Net 30,4925.28
AP10065,Fast Travel,2024-07-14,2024-08-13,12893.04,USD,Open,,Net 30,10185.5
AP10066,Apex Consulting,2024-06-28,2024-07-28,11950.65,USD,Open,,Net 30,9441.01
AP10067,BluePrints,2024-12-03,2025-01-02,4991.1,GBP,Paid,2024-12-19,Net 30,4991.1
AP10068,Starlight Media,2024-07-23,2024-08-22,12670.55,EUR,Open,,Net 30,10769.97
AP10069,Fast Travel,2024-05-13,2024-06-12,14441.76,EUR,Open,,Net 30,12275.5
AP10070,Fast Travel,2024-11-01,2024-12-01,10955.32,EUR,Paid,2024-11-25,Net 30,9312.02
AP10071,Starlight Media,2024-02-29,2024-03-30,8691.16,EUR,Open,,Net 30,7387.49
AP10072,Green Energy Co,2024-01-01,2024-01-31,12117.01,USD,Paid,2024-01-19,Net 30,9572.44
AP10073,Fast Travel,2024-12-06,2025-01-05,9385.02,GBP,Partial,,Net 30,9385.02
AP10074,TechFlow Solutions,2024-09-16,2024-10-16,6185.05,AUD,Partial,,Net 30,3216.23
AP10075,TechFlow Solutions,2024-10-10,2024-11-09,6364.65,AUD,Partial,,Net 30,3309.62
AP10076,ABC Supplies,2024-11-11,2024-12-11,6150.52,GBP,Paid,2024-11-25,Net 30,6150.52
AP10077,Global Office,2024-08-08,2024-09-07,9139.26,EUR,Paid,2024-08-27,Net 30,7768.37
AP10078,Apex Consulting,2024-12-11,2025-01-10,7150.47,USD,Partial,,Net 30,5648.87
AP10079,Fast Travel,2024-05-25,2024-06-24,9530.82,EUR,Open,,Net 30,8101.2
AP10080,Global Office,2024-12-10,2025-01-09,12117.79,USD,Open,,Net 30,9573.05
AP10081,BluePrints,2024-05-05,2024-06-04,9207.98,GBP,Paid,2024-05-23,Net 30,9207.98
AP10082,Titan Manufacturing,2024-04-09,2024-05-09,5821.28,AUD,Open,,Net 30,3027.07
AP10083,ABC Supplies,2024-12-01,2024-12-31,13400.63,GBP,Paid,2024-12-13,Net 30,13400.63
AP10084,ABC Supplies,2024-12-22,2025-01-21,848.25,USD,Open,,Net 30,670.12
AP10085,Apex Consulting,2024-03-09,2024-04-08,10046.91,CAD,Partial,,Net 30,5827.21
AP10086,Nexus Logistics,2024-08-14,2024-09-13,10817.18,CAD,Paid,2024-09-14,Net 30,6273.96
AP10087,Starlight Media,2024-08-16,2024-09-15,11180.47,AUD,Paid,2024-08-29,Net 30,5813.84
AP10088,Global Office,2024-11-22,2024-12-22,11687.36,AUD,Partial,,Net 30,6077.43
AP10089,Global Office,2024-05-20,2024-06-19,10731.82,USD,Paid,2024-06-04,Net 30,8478.14
AP10090,Nexus Logistics,2024-10-03,2024-11-02,2347.38,AUD,Partial,,Net 30,1220.64
AP10091,ABC Supplies,2024-12-27,2025-01-26,6281.53,EUR,Partial,,Net 30,5339.3
AP10092,Apex Consulting,2024-07-31,2024-08-30,12510.08,AUD,Partial,,Net 30,6505.24
AP10093,BluePrints,2024-10-21,2024-11-20,187.85,EUR,Paid,2024-11-19,Net 30,159.67
AP10094,Green Energy Co,2024-08-02,2024-09-01,11046.05,CAD,Open,,Net 30,6406.71
AP10095,Apex Consulting,2024-04-22,2024-05-22,7336.07,AUD,Paid,2024-05-18,Net 30,3814.76
AP10096,Green Energy Co,2024-03-25,2024-04-24,13801.17,CAD,Partial,,Net 30,8004.68
AP10097,BluePrints,2024-07-20,2024-08-19,9978.7,GBP,Partial,,Net 30,9978.7
AP10098,Green Energy Co,2024-03-10,2024-04-09,2807.76,EUR,Paid,2024-03-25,Net 30,2386.6
AP10099,Global Office,2024-08-20,2024-09-19,11442.32,AUD,Paid,2024-09-18,Net 30,5950.01
AP10100,Green Energy Co,2024-05-09,2024-06-08,7107.57,CAD,Open,,Net 30,4122.39
AP10101,Nexus Logistics,2024-04-24,2024-05-24,11740.37,GBP,Open,,Net 30,11740.37
AP10102,Global Office,2024-04-12,2024-05-12,9357.9,USD,Open,,Net 30,7392.74
AP10103,Apex Consulting,2024-12-08,2025-01-07,14221.58,AUD,Partial,,Net 30,7395.22
AP10104,TechFlow Solutions,2024-07-07,2024-08-06,9147.99,GBP,Open,,Net 30,9147.99
AP10105,TechFlow Solutions,2024-02-25,2024-03-26,13940.42,CAD,Partial,,Net 30,8085.44
AP10106,Green Energy Co,2024-07-22,2024-08-21,3055.11,CAD,Partial,,Net 30,1771.96
AP10107,Global Office,2024-02-22,2024-03-23,4593.58,CAD,Open,,Net 30,2664.28
AP10108,Titan Manufacturing,2024-01-22,2024-02-21,6482.83,EUR,Open,,Net 30,5510.41
AP10109,Starlight Media,2024-11-27,2024-12-27,12758.68,AUD,Open,,Net 30,6634.51
AP10110,Green Energy Co,2024-07-04,2024-08-03,12447.74,USD,Paid,2024-07-14,Net 30,9833.71
AP10111,Starlight Media,2024-11-29,2024-12-29,12142.17,CAD,Paid,2024-12-18,Net 30,7042.46
AP10112,Green Energy Co,2024-10-30,2024-11-29,12790.53,GBP,Paid,2024-12-02,Net 30,12790.53
AP10113,Apex Consulting,2024-05-04,2024-06-03,8590.76,AUD,Paid,2024-05-09,Net 30,4467.2
AP10114,Apex Consulting,2024-06-15,2024-07-15,3260.59,EUR,Paid,2024-06-28,Net 30,2771.5
AP10115,Titan Manufacturing,2024-12-25,2025-01-24,8381.29,CAD,Open,,Net 30,4861.15
AP10116,Fast Travel,2024-05-03,2024-06-02,7379.81,USD,Partial,,Net 30,5830.05
AP10117,Apex Consulting,2024-11-26,2024-12-26,6777.8,GBP,Open,,Net 30,6777.8
AP10118,TechFlow Solutions,2024-04-23,2024-05-23,3725.25,CAD,Paid,2024-05-13,Net 30,2160.64
AP10119,Starlight Media,2024-09-28,2024-10-28,14949.81,CAD,Paid,2024-10-14,Net 30,8670.89
AP10120,Apex Consulting,2024-05-18,2024-06-17,3535.02,USD,Paid,2024-05-26,Net 30,2792.67
AP10121,Starlight Media,2024-12-19,2025-01-18,3324.13,AUD,Paid,2025-01-16,Net 30,1728.55
AP10122,Titan Manufacturing,2024-09-25,2024-10-25,14709.61,USD,Paid,2024-10-07,Net 30,11620.59
AP10123,Nexus Logistics,2024-04-01,2024-05-01,10649.48,USD,Paid,2024-04-07,Net 30,8413.09
AP10124,BluePrints,2024-10-10,2024-11-09,14166.94,AUD,Open,,Net 30,7366.81
AP10125,BluePrints,2024-10-20,2024-11-19,7232.84,EUR,Open,,Net 30,6147.91
AP10126,BluePrints,2024-05-09,2024-06-08,7218.16,GBP,Paid,2024-05-29,Net 30,7218.16
AP10127,Fast Travel,2024-10-22,2024-11-21,898.78,USD,Partial,,Net 30,710.04
AP10128,TechFlow Solutions,2024-02-13,2024-03-14,1864.93,AUD,Partial,,Net 30,969.76
AP10129,Titan Manufacturing,2024-11-12,2024-12-12,7886.33,AUD,Paid,2024-11-26,Net 30,4100.89
AP10130,Titan Manufacturing,2024-08-07,2024-09-06,9353.31,CAD,Partial,,Net 30,5424.92
AP10131,Fast Travel,2024-04-16,2024-05-16,4043.23,GBP,Open,,Net 30,4043.23
AP10132,Global Office,2024-03-29,2024-04-28,2432.34,AUD,Paid,2024-04-25,Net 30,1264.82
AP10133,Titan Manufacturing,2024-08-28,2024-09-27,3549.0,EUR,Partial,,Net 30,3016.65
AP10134,Apex Consulting,2024-02-06,2024-03-07,13866.27,CAD,Partial,,Net 30,8042.44
AP10135,Global Office,2024-08-05,2024-09-04,3449.66,USD,Paid,2024-09-05,Net 30,2725.23
AP10136,ABC Supplies,2024-02-06,2024-03-07,11910.17,CAD,Partial,,Net 30,6907.9
AP10137,Titan Manufacturing,2024-05-27,2024-06-26,7083.6,EUR,Partial,,Net 30,6021.06
AP10138,Green Energy Co,2024-05-19,2024-06-18,7457.55,GBP,Partial,,Net 30,7457.55
AP10139,BluePrints,2024-08-09,2024-09-08,9095.33,GBP,Open,,Net 30,9095.33
AP10140,Global Office,2024-12-11,2025-01-10,8670.47,GBP,Partial,,Net 30,8670.47
AP10141,TechFlow Solutions,2024-10-22,2024-11-21,-3805.72,AUD,Partial,,Net 30,-1978.97
AP10142,Apex Consulting,2024-05-22,2024-06-21,8821.41,AUD,Open,,Net 30,4587.13
AP10143,Apex Consulting,2024-06-27,2024-07-27,4883.77,GBP,Open,,Net 30,4883.77
AP10144,Nexus Logistics,2024-07-29,2024-08-28,4394.45,AUD,Partial,,Net 30,2285.11
AP10145,BluePrints,2024-08-20,2024-09-19,3860.74,GBP,Paid,2024-09-21,Net 30,3860.74
AP10146,Starlight Media,2024-01-01,2024-01-31,8184.64,AUD,Open,,Net 30,4256.01
AP10147,Global Office,2024-09-22,2024-10-22,11371.0,AUD,Open,,Net 30,5912.92
AP10148,Global Office,2024-05-16,2024-06-15,13922.32,AUD,Partial,,Net 30,7239.61
AP10149,Apex Consulting,2024-03-03,2024-04-02,-3187.11,USD,Partial,,Net 30,-2517.82
AP10150,ABC Supplies,2024-06-08,2024-07-08,8328.55,GBP,Open,,Net 30,8328.55
AP10151,Fast Travel,2024-08-24,2024-09-23,9750.87,USD,Paid,2024-09-27,Net 30,7703.19
AP10152,TechFlow Solutions,2024-09-17,2024-10-17,6290.81,AUD,Paid,2024-09-29,Net 30,3271.22
AP10153,Apex Consulting,2024-10-09,2024-11-08,2940.09,CAD,Partial,,Net 30,1705.25
AP10154,ABC Supplies,2024-02-05,2024-03-06,11871.09,AUD,Paid,2024-03-10,Net 30,6172.97
AP10155,Starlight Media,2024-05-16,2024-06-15,4314.3,EUR,Partial,,Net 30,3667.16
AP10156,Titan Manufacturing,2024-12-03,2025-01-02,2314.07,CAD,Paid,2024-12-19,Net 30,1342.16
AP10157,Nexus Logistics,2024-10-09,2024-11-08,5720.43,EUR,Open,,Net 30,4862.37
AP10158,Global Office,2024-10-19,2024-11-18,12854.59,AUD,Open,,Net 30,6684.39
AP10159,Nexus Logistics,2024-08-30,2024-09-29,12189.99,AUD,Partial,,Net 30,6338.79
AP10160,ABC Supplies,2024-09-10,2024-10-10,1981.07,CAD,Paid,2024-10-12,Net 30,1149.02
AP10161,Fast Travel,2024-08-13,2024-09-12,13665.58,GBP,Partial,,Net 30,13665.58
AP10162,ABC Supplies,2024-07-28,2024-08-27,14552.36,GBP,Paid,2024-08-27,Net 30,14552.36
AP10163,TechFlow Solutions,2024-06-22,2024-07-22,6022.5,GBP,Paid,2024-07-24,Net 30,6022.5
AP10164,Starlight Media,2024-07-13,2024-08-12,9439.31,AUD,Partial,,Net 30,4908.44
AP10165,BluePrints,2024-11-12,2024-12-12,9504.3,EUR,Open,,Net 30,8078.65
AP10166,Fast Travel,2024-08-10,2024-09-09,11429.51,GBP,Paid,2024-08-20,Net 30,11429.51
AP10167,TechFlow Solutions,2024-01-15,2024-02-14,-4001.1,EUR,Paid,2024-01-31,Net 30,-3400.93
AP10168,Green Energy Co,2024-03-15,2024-04-14,6239.57,USD,Open,,Net 30,4929.26
AP10169,ABC Supplies,2024-02-10,2024-03-11,5799.91,USD,Paid,2024-03-15,Net 30,4581.93
AP10170,Titan Manufacturing,2024-03-14,2024-04-13,9604.78,AUD,Paid,2024-04-09,Net 30,4994.49
AP10171,BluePrints,2024-08-26,2024-09-25,10196.4,USD,Open,,Net 30,8055.16
AP10172,Apex Consulting,2024-06-25,2024-07-25,4557.4,AUD,Partial,,Net 30,2369.85
AP10173,TechFlow Solutions,2024-08-21,2024-09-20,3068.33,AUD,Paid,2024-08-29,Net 30,1595.53
AP10174,Global Office,2024-07-14,2024-08-13,8664.7,EUR,Open,,Net 30,7365.0
AP10175,Green Energy Co,2024-05-20,2024-06-19,-4338.83,GBP,Partial,,Net 30,-4338.83
AP10176,Apex Consulting,2024-05-26,2024-06-25,3528.76,EUR,Open,,Net 30,2999.45
AP10177,Global Office,2024-11-13,2024-12-13,11358.1,USD,Partial,,Net 30,8972.9
AP10178,Fast Travel,2024-11-17,2024-12-17,4703.1,AUD,Open,,Net 30,2445.61
AP10179,Titan Manufacturing,2024-07-05,2024-08-04,1442.99,EUR,Paid,2024-08-02,Net 30,1226.54
AP10180,Green Energy Co,2024-03-30,2024-04-29,11819.04,EUR,Partial,,Net 30,10046.18
AP10181,Starlight Media,2024-05-19,2024-06-18,3928.85,AUD,Paid,2024-06-16,Net 30,2043.0
AP10182,Nexus Logistics,2024-02-28,2024-03-29,1221.96,USD,Partial,,Net 30,965.35
AP10183,Green Energy Co,2024-10-12,2024-11-11,11881.16,GBP,Paid,2024-11-03,Net 30,11881.16
AP10184,Fast Travel,2024-08-20,2024-09-19,11260.27,EUR,Partial,,Net 30,9571.23
AP10185,Green Energy Co,2024-11-22,2024-12-22,1714.36,USD,Paid,2024-11-27,Net 30,1354.34
AP10186,Titan Manufacturing,2024-10-14,2024-11-13,9190.22,GBP,Partial,,Net 30,9190.22
AP10187,Apex Consulting,2024-12-24,2025-01-23,6183.61,USD,Open,,Net 30,4885.05
AP10188,BluePrints,2024-06-04,2024-07-04,1830.2,USD,Partial,,Net 30,1445.86
AP10189,ABC Supplies,2024-07-17,2024-08-16,10090.24,CAD,Paid,2024-08-09,Net 30,5852.34
AP10190,ABC Supplies,2024-07-31,2024-08-30,12522.03,CAD,Paid,2024-09-04,Net 30,7262.78
AP10191,TechFlow Solutions,2024-01-17,2024-02-16,3337.32,AUD,Open,,Net 30,1735.41
AP10192,Nexus Logistics,2024-02-20,2024-03-21,5573.29,EUR,Open,,Net 30,4737.3
AP10193,Green Energy Co,2024-05-21,2024-06-20,1920.18,AUD,Open,,Net 30,998.49
AP10194,Global Office,2024-11-24,2024-12-24,14569.29,GBP,Paid,2024-12-06,Net 30,14569.29
AP10195,ABC Supplies,2024-10-16,2024-11-15,12464.29,CAD,Open,,Net 30,7229.29
AP10196,Titan Manufacturing,2024-04-20,2024-05-20,3571.68,USD,Partial,,Net 30,2821.63
AP10197,BluePrints,2024-05-21,2024-06-20,2255.85,USD,Partial,,Net 30,1782.12
AP10198,TechFlow Solutions,2024-03-30,2024-04-29,13010.07,USD,Open,,Net 30,10277.96
AP10199,Nexus Logistics,2024-05-01,2024-05-31,335.14,EUR,Open,,Net 30,284.87
AP10200,ABC Supplies,2024-08-03,2024-09-02,11210.41,AUD,Paid,2024-09-01,Net 30,5829.41
AP10201,Nexus Logistics,2024-09-19,2024-10-19,6834.88,USD,Partial,,Net 30,5399.56
AP10202,BluePrints,2024-12-03,2025-01-02,6924.83,GBP,Open,,Net 30,6924.83
AP10203,Apex Consulting,2024-07-24,2024-08-23,1708.63,AUD,Open,,Net 30,888.49
AP10204,Fast Travel,2024-06-13,2024-07-13,1078.67,EUR,Partial,,Net 30,916.87
AP10205,Titan Manufacturing,2024-10-07,2024-11-06,5775.48,CAD,Partial,,Net 30,3349.78
AP10206,TechFlow Solutions,2024-08-20,2024-09-19,6509.97,GBP,Partial,,Net 30,6509.97
AP10207,Starlight Media,2024-04-20,2024-05-20,13332.56,AUD,Paid,2024-05-21,Net 30,6932.93
AP10208,Apex Consulting,2024-07-23,2024-08-22,1516.78,AUD,Paid,2024-08-18,Net 30,788.73
AP10209,TechFlow Solutions,2024-07-10,2024-08-09,10333.63,AUD,Open,,Net 30,5373.49
AP10210,Fast Travel,2024-02-13,2024-03-14,1538.81,EUR,Open,,Net 30,1307.99
AP10211,Starlight Media,2024-01-31,2024-03-01,8467.64,EUR,Partial,,Net 30,7197.49
AP10212,Fast Travel,2024-07-29,2024-08-28,10013.57,AUD,Partial,,Net 30,5207.06
AP10213,BluePrints,2024-05-27,2024-06-26,5339.53,CAD,Partial,,Net 30,3096.93
AP10214,Global Office,2024-03-20,2024-04-19,3441.25,GBP,Paid,2024-04-21,Net 30,3441.25
AP10215,Starlight Media,2024-07-07,2024-08-06,4250.67,USD,Paid,2024-08-08,Net 30,3358.03
AP10216,Starlight Media,2024-11-14,2024-12-14,9676.22,GBP,Partial,,Net 30,9676.22
AP10217,TechFlow Solutions,2024-01-15,2024-02-14,10570.21,EUR,Paid,2024-01-31,Net 30,8984.68
AP10218,BluePrints,2024-04-02,2024-05-02,8538.18,AUD,Open,,Net 30,4439.85
AP10219,ABC Supplies,2024-11-20,2024-12-20,1467.19,CAD,Open,,Net 30,850.97
AP10220,Green Energy Co,2024-08-02,2024-09-01,2445.4,EUR,Partial,,Net 30,2078.59
AP10221,Nexus Logistics,2024-10-17,2024-11-16,13261.8,USD,Open,,Net 30,10476.82
AP10222,Titan Manufacturing,2024-01-26,2024-02-25,4154.33,AUD,Paid,2024-02-19,Net 30,2160.25
AP10223,Apex Consulting,2024-07-31,2024-08-30,11348.65,GBP,Paid,2024-08-18,Net 30,11348.65
AP10224,Fast Travel,2024-05-25,2024-06-24,8937.7,CAD,Partial,,Net 30,5183.87
AP10225,TechFlow Solutions,2024-01-24,2024-02-23,14768.24,GBP,Open,,Net 30,14768.24
AP10226,Global Office,2024-06-03,2024-07-03,11533.51,EUR,Paid,2024-06-18,Net 30,9803.48
AP10227,Fast Travel,2024-01-04,2024-02-03,6516.76,USD,Paid,2024-01-26,Net 30,5148.24
AP10228,Global Office,2024-09-13,2024-10-13,10053.92,EUR,Open,,Net 30,8545.83
AP10229,Green Energy Co,2024-01-22,2024-02-21,6950.34,GBP,Paid,2024-02-14,Net 30,6950.34
AP10230,Green Energy Co,2024-10-20,2024-11-19,9638.11,EUR,Open,,Net 30,8192.39
AP10231,Green Energy Co,2024-01-11,2024-02-10,2660.91,CAD,Paid,2024-02-11,Net 30,1543.33
AP10232,Nexus Logistics,2024-02-15,2024-03-16,1677.36,AUD,Partial,,Net 30,872.23
AP10233,Green Energy Co,2024-09-25,2024-10-25,13070.81,EUR,Open,,Net 30,11110.19
AP10234,Nexus Logistics,2024-03-27,2024-04-26,9535.05,CAD,Partial,,Net 30,5530.33
AP10235,Global Office,2024-06-27,2024-07-27,14377.53,USD,Open,,Net 30,11358.25
AP10236,Fast Travel,2024-03-15,2024-04-14,2685.14,USD,Partial,,Net 30,2121.26
AP10237,Fast Travel,2024-03-31,2024-04-30,9456.44,AUD,Partial,,Net 30,4917.35
AP10238,Titan Manufacturing,2024-08-17,2024-09-16,13242.52,CAD,Paid,2024-09-18,Net 30,7680.66
AP10239,Nexus Logistics,2024-03-18,2024-04-17,7086.92,EUR,Paid,2024-04-10,Net 30,6023.88
AP10240,BluePrints,2024-06-29,2024-07-29,4725.08,AUD,Open,,Net 30,2457.04
AP10241,BluePrints,2024-07-07,2024-08-06,1243.29,GBP,Partial,,Net 30,1243.29
AP10242,Titan Manufacturing,2024-09-16,2024-10-16,8746.91,GBP,Paid,2024-10-20,Net 30,8746.91
AP10243,Titan Manufacturing,2024-11-29,2024-12-29,9114.59,CAD,Open,,Net 30,5286.46
AP10244,BluePrints,2024-08-18,2024-09-17,13496.99,EUR,Partial,,Net 30,11472.44
AP10245,Fast Travel,2024-09-15,2024-10-15,683.22,AUD,Paid,2024-10-06,Net 30,355.27
AP10246,Starlight Media,2024-11-08,2024-12-08,5655.49,EUR,Paid,2024-11-26,Net 30,4807.17
AP10247,Nexus Logistics,2024-12-13,2025-01-12,11859.48,EUR,Open,,Net 30,10080.56
AP10248,Nexus Logistics,2024-02-18,2024-03-19,5859.81,EUR,Partial,,Net 30,4980.84
AP10249,Titan Manufacturing,2024-03-17,2024-04-16,8782.82,USD,Paid,2024-03-31,Net 30,6938.43
AP10250,Green Energy Co,2024-03-07,2024-04-06,14076.23,EUR,Partial,,Net 30,11964.8
AP10251,Green Energy Co,2024-11-25,2024-12-25,12216.45,CAD,Open,,Net 30,7085.54
AP10252,Green Energy Co,2024-09-17,2024-10-17,5502.71,USD,Open,,Net 30,4347.14
AP10253,Nexus Logistics,2024-09-05,2024-10-05,14999.65,USD,Open,,Net 30,11849.72
AP10254,TechFlow Solutions,2024-02-21,2024-03-22,8142.58,CAD,Open,,Net 30,4722.7
AP10255,Nexus Logistics,2024-11-12,2024-12-12,5713.13,USD,Open,,Net 30,4513.37
AP10256,Titan Manufacturing,2024-03-25,2024-04-24,751.02,EUR,Partial,,Net 30,638.37
AP10257,Global Office,2024-08-15,2024-09-14,11310.63,AUD,Open,,Net 30,5881.53
AP10258,Starlight Media,2024-05-02,2024-06-01,12148.5,AUD,Open,,Net 30,6317.22
AP10259,Nexus Logistics,2024-12-13,2025-01-12,14768.15,AUD,Paid,2025-01-11,Net 30,7679.44
AP10260,Green Energy Co,2024-09-14,2024-10-14,14497.4,USD,Partial,,Net 30,11452.95
AP10261,ABC Supplies,2024-05-08,2024-06-07,7260.8,EUR,Partial,,Net 30,6171.68
AP10262,Fast Travel,2024-12-30,2025-01-29,12782.37,EUR,Open,,Net 30,10865.01
AP10263,ABC Supplies,2024-05-19,2024-06-18,7748.96,AUD,Open,,Net 30,4029.46
AP10264,Global Office,2024-08-18,2024-09-17,13964.03,AUD,Open,,Net 30,7261.3
AP10265,Green Energy Co,2024-09-14,2024-10-14,5853.88,GBP,Paid,2024-09-26,Net 30,5853.88
AP10266,BluePrints,2024-06-12,2024-07-12,12603.73,EUR,Open,,Net 30,10713.17
AP10267,ABC Supplies,2024-01-20,2024-02-19,12463.45,USD,Partial,,Net 30,9846.13
AP10268,Apex Consulting,2024-08-17,2024-09-16,13597.28,GBP,Paid,2024-08-28,Net 30,13597.28
AP10269,ABC Supplies,2024-10-07,2024-11-06,9172.31,AUD,Open,,Net 30,4769.6
AP10270,TechFlow Solutions,2024-05-01,2024-05-31,811.47,AUD,Partial,,Net 30,421.96
AP10271,Titan Manufacturing,2024-08-22,2024-09-21,12566.65,AUD,Partial,,Net 30,6534.66
AP10272,Starlight Media,2024-01-09,2024-02-08,8668.21,USD,Paid,2024-01-27,Net 30,6847.89
AP10273,BluePrints,2024-11-10,2024-12-10,8602.89,USD,Partial,,Net 30,6796.28
AP10274,Fast Travel,2024-09-25,2024-10-25,1108.42,CAD,Partial,,Net 30,642.88
AP10275,Starlight Media,2024-09-16,2024-10-16,5917.76,AUD,Open,,Net 30,3077.24
AP10276,Green Energy Co,2024-07-10,2024-08-09,342.01,GBP,Paid,2024-07-22,Net 30,342.01
AP10277,Fast Travel,2024-10-24,2024-11-23,5054.53,GBP,Paid,2024-11-15,Net 30,5054.53
AP10278,Nexus Logistics,2024-11-25,2024-12-25,11709.22,AUD,Partial,,Net 30,6088.79
AP10279,Apex Consulting,2024-11-19,2024-12-19,2109.3,AUD,Open,,Net 30,1096.84
AP10280,TechFlow Solutions,2024-04-13,2024-05-13,-1077.4,GBP,Paid,2024-05-17,Net 30,-1077.4
AP10281,TechFlow Solutions,2024-09-20,2024-10-20,12249.55,AUD,Paid,2024-09-26,Net 30,6369.77
AP10282,Global Office,2024-05-26,2024-06-25,11734.54,EUR,Paid,2024-06-03,Net 30,9974.36
AP10283,Nexus Logistics,2024-08-11,2024-09-10,11175.28,AUD,Paid,2024-08-21,Net 30,5811.15
AP10284,Apex Consulting,2024-12-20,2025-01-19,13872.23,CAD,Paid,2025-01-19,Net 30,8045.89
AP10285,Fast Travel,2024-08-05,2024-09-04,9076.55,USD,Partial,,Net 30,7170.47
AP10286,TechFlow Solutions,2024-06-13,2024-07-13,4986.01,EUR,Paid,2024-07-02,Net 30,4238.11
AP10287,Titan Manufacturing,2024-08-06,2024-09-05,6714.23,AUD,Open,,Net 30,3491.4
AP10288,Nexus Logistics,2024-11-10,2024-12-10,4190.87,GBP,Open,,Net 30,4190.87
AP10289,Green Energy Co,2024-07-05,2024-08-04,11273.48,USD,Open,,Net 30,8906.05
AP10290,ABC Supplies,2024-11-07,2024-12-07,6628.78,USD,Open,,Net 30,5236.74
AP10291,Global Office,2024-11-26,2024-12-26,5804.53,CAD,Open,,Net 30,3366.63
AP10292,Titan Manufacturing,2024-03-19,2024-04-18,14237.47,EUR,Paid,2024-04-17,Net 30,12101.85
AP10293,Fast Travel,2024-10-20,2024-11-19,5567.55,EUR,Partial,,Net 30,4732.42
AP10294,TechFlow Solutions,2024-05-07,2024-06-06,486.11,USD,Paid,2024-05-28,Net 30,384.03
AP10295,Green Energy Co,2024-10-14,2024-11-13,11646.97,AUD,Open,,Net 30,6056.42
AP10296,Titan Manufacturing,2024-05-26,2024-06-25,14979.57,USD,Open,,Net 30,11833.86
AP10297,ABC Supplies,2024-02-07,2024-03-08,13490.32,AUD,Open,,Net 30,7014.97
AP10298,Nexus Logistics,2024-12-07,2025-01-06,1067.59,CAD,Paid,2025-01-09,Net 30,619.2
AP10299,TechFlow Solutions,2024-03-21,2024-04-20,13917.13,USD,Paid,2024-04-11,Net 30,10994.53
AP10300,Global Office,2024-03-03,2024-04-02,11901.78,USD,Paid,2024-03-08,Net 30,9402.41
AP10301,Nexus Logistics,2024-10-10,2024-11-09,7064.35,CAD,Open,,Net 30,4097.32
AP10302,Titan Manufacturing,2024-02-14,2024-03-15,6032.58,AUD,Partial,,Net 30,3136.94
AP10303,Green Energy Co,2024-07-28,2024-08-27,1198.89,EUR,Partial,,Net 30,1019.06
AP10304,Fast Travel,2024-08-18,2024-09-17,7808.66,USD,Partial,,Net 30,6168.84
AP10305,Titan Manufacturing,2024-04-03,2024-05-03,2022.59,CAD,Open,,Net 30,1173.1
AP10306,Fast Travel,2024-09-22,2024-10-22,2553.39,EUR,Partial,,Net 30,2170.38
AP10307,Global Office,2024-06-26,2024-07-26,7831.58,EUR,Open,,Net 30,6656.84
AP10308,TechFlow Solutions,2024-04-10,2024-05-10,8307.54,USD,Partial,,Net 30,6562.96
AP10309,TechFlow Solutions,2024-11-10,2024-12-10,7588.34,USD,Partial,,Net 30,5994.79
AP10310,Titan Manufacturing,2024-03-19,2024-04-18,9404.74,CAD,Paid,2024-04-19,Net 30,5454.75
AP10311,Titan Manufacturing,2024-01-22,2024-02-21,522.76,GBP,Partial,,Net 30,522.76
AP10312,Titan Manufacturing,2024-05-15,2024-06-14,11527.69,AUD,Partial,,Net 30,5994.4
AP10313,BluePrints,2024-09-11,2024-10-11,8229.1,EUR,Paid,2024-09-23,Net 30,6994.73
AP10314,Green Energy Co,2024-06-01,2024-07-01,10360.34,USD,Paid,2024-06-19,Net 30,8184.67
AP10315,Apex Consulting,2024-08-25,2024-09-24,9139.24,EUR,Partial,,Net 30,7768.35
AP10316,Nexus Logistics,2024-06-25,2024-07-25,2048.42,EUR,Partial,,Net 30,1741.16
AP10317,Starlight Media,2024-02-24,2024-03-25,7050.44,EUR,Paid,2024-03-07,Net 30,5992.87
AP10318,ABC Supplies,2024-02-19,2024-03-20,14186.23,CAD,Paid,2024-03-02,Net 30,8228.01
AP10319,ABC Supplies,2024-06-16,2024-07-16,10844.81,USD,Open,,Net 30,8567.4
AP10320,Apex Consulting,2024-09-20,2024-10-20,13198.23,AUD,Open,,Net 30,6863.08
AP10321,Fast Travel,2024-07-20,2024-08-19,14503.63,USD,Partial,,Net 30,11457.87
AP10322,Nexus Logistics,2024-01-25,2024-02-24,7473.92,AUD,Paid,2024-02-16,Net 30,3886.44
AP10323,BluePrints,2024-02-25,2024-03-26,13248.59,EUR,Paid,2024-03-12,Net 30,11261.3
AP10324,BluePrints,2024-07-24,2024-08-23,8471.07,EUR,Partial,,Net 30,7200.41
AP10325,TechFlow Solutions,2024-02-07,2024-03-08,6810.28,CAD,Paid,2024-03-09,Net 30,3949.96
AP10326,Titan Manufacturing,2024-12-14,2025-01-13,2017.08,GBP,Paid,2024-12-30,Net 30,2017.08
AP10327,Nexus Logistics,2024-10-12,2024-11-11,11348.98,USD,Partial,,Net 30,8965.69
AP10328,Starlight Media,2024-07-24,2024-08-23,775.02,USD,Partial,,Net 30,612.27
AP10329,Nexus Logistics,2024-08-30,2024-09-29,2319.22,CAD,Open,,Net 30,1345.15
AP10330,Nexus Logistics,2024-11-09,2024-12-09,5955.02,CAD,Partial,,Net 30,3453.91
AP10331,TechFlow Solutions,2024-10-30,2024-11-29,12441.51,CAD,Paid,2024-11-26,Net 30,7216.08
AP10332,Titan Manufacturing,2024-06-02,2024-07-02,347.89,EUR,Partial,,Net 30,295.71
AP10333,Fast Travel,2024-08-01,2024-08-31,11971.65,GBP,Partial,,Net 30,11971.65
AP10334,Apex Consulting,2024-05-15,2024-06-14,11765.27,CAD,Partial,,Net 30,6823.86
AP10335,Global Office,2024-01-27,2024-02-26,2640.63,CAD,Paid,2024-02-05,Net 30,1531.57
AP10336,Global Office,2024-01-17,2024-02-16,10537.76,USD,Open,,Net 30,8324.83
AP10337,Apex Consulting,2024-06-09,2024-07-09,6253.11,USD,Paid,2024-06-30,Net 30,4939.96
AP10338,Titan Manufacturing,2024-08-29,2024-09-28,11063.98,GBP,Partial,,Net 30,11063.98
AP10339,ABC Supplies,2024-09-22,2024-10-22,4943.24,AUD,Partial,,Net 30,2570.48
AP10340,Green Energy Co,2024-06-09,2024-07-09,6948.99,CAD,Paid,2024-07-01,Net 30,4030.41
AP10341,Nexus Logistics,2024-12-12,2025-01-11,10841.78,EUR,Partial,,Net 30,9215.51
AP10342,Apex Consulting,2024-04-08,2024-05-08,4257.2,EUR,Open,,Net 30,3618.62
AP10343,TechFlow Solutions,2024-05-27,2024-06-26,10384.57,AUD,Paid,2024-06-16,Net 30,5399.98
AP10344,Nexus Logistics,2024-10-13,2024-11-12,11951.54,EUR,Paid,2024-10-21,Net 30,10158.81
AP10345,Titan Manufacturing,2024-12-12,2025-01-11,13446.83,AUD,Paid,2025-01-16,Net 30,6992.35
AP10346,ABC Supplies,2024-05-28,2024-06-27,-4781.04,GBP,Paid,2024-07-01,Net 30,-4781.04
AP10347,Apex Consulting,2024-12-01,2024-12-31,7238.28,USD,Partial,,Net 30,5718.24
AP10348,TechFlow Solutions,2024-10-14,2024-11-13,2145.37,CAD,Partial,,Net 30,1244.31
AP10349,Titan Manufacturing,2024-05-02,2024-06-01,10080.53,CAD,Open,,Net 30,5846.71
AP10350,Global Office,2024-01-27,2024-02-26,5021.37,AUD,Open,,Net 30,2611.11
AP10351,ABC Supplies,2024-01-03,2024-02-02,14670.87,USD,Paid,2024-01-28,Net 30,11589.99
AP10352,Apex Consulting,2024-09-01,2024-10-01,11363.07,EUR,Paid,2024-09-15,Net 30,9658.61
AP10353,BluePrints,2024-02-15,2024-03-16,3560.08,GBP,Open,,Net 30,3560.08
AP10354,Green Energy Co,2024-03-31,2024-04-30,641.46,AUD,Paid,2024-04-10,Net 30,333.56
AP10355,TechFlow Solutions,2024-01-20,2024-02-19,-2883.01,GBP,Paid,2024-02-03,Net 30,-2883.01
AP10356,Apex Consulting,2024-11-24,2024-12-24,7459.3,USD,Partial,,Net 30,5892.85
AP10357,Apex Consulting,2024-05-19,2024-06-18,1778.44,USD,Partial,,Net 30,1404.97
AP10358,Apex Consulting,2024-11-27,2024-12-27,2874.37,EUR,Paid,2024-12-20,Net 30,2443.21
AP10359,Global Office,2024-03-30,2024-04-29,9617.01,AUD,Paid,2024-04-20,Net 30,5000.85
AP10360,Nexus Logistics,2024-02-14,2024-03-15,1521.24,USD,Paid,2024-02-29,Net 30,1201.78
AP10361,Global Office,2024-01-04,2024-02-03,3609.27,EUR,Paid,2024-01-18,Net 30,3067.88
AP10362,Titan Manufacturing,2024-10-20,2024-11-19,-3303.05,USD,Open,,Net 30,-2609.41
AP10363,Fast Travel,2024-08-26,2024-09-25,6140.71,CAD,Partial,,Net 30,3561.61
AP10364,TechFlow Solutions,2024-12-19,2025-01-18,13750.34,EUR,Paid,2025-01-12,Net 30,11687.79
AP10365,Global Office,2024-04-22,2024-05-22,7224.91,AUD,Partial,,Net 30,3756.95
AP10366,Titan Manufacturing,2024-07-10,2024-08-09,8283.59,AUD,Partial,,Net 30,4307.47
AP10367,Global Office,2024-05-06,2024-06-05,8977.64,GBP,Partial,,Net 30,8977.64
AP10368,Apex Consulting,2024-09-27,2024-10-27,1263.73,CAD,Open,,Net 30,732.96
AP10369,BluePrints,2024-10-07,2024-11-06,3112.14,CAD,Open,,Net 30,1805.04
AP10370,ABC Supplies,2024-06-16,2024-07-16,6683.42,USD,Partial,,Net 30,5279.9
AP10371,Titan Manufacturing,2024-09-07,2024-10-07,7704.59,GBP,Paid,2024-09-16,Net 30,7704.59
AP10372,Starlight Media,2024-07-31,2024-08-30,960.28,AUD,Partial,,Net 30,499.35
AP10373,TechFlow Solutions,2024-01-12,2024-02-11,12265.15,USD,Partial,,Net 30,9689.47
AP10374,Fast Travel,2024-01-24,2024-02-23,10535.73,CAD,Open,,Net 30,6110.72
AP10375,Fast Travel,2024-08-29,2024-09-28,-2103.45,USD,Partial,,Net 30,-1661.73
AP10376,Green Energy Co,2024-07-10,2024-08-09,5798.95,AUD,Paid,2024-07-17,Net 30,3015.45
AP10377,Starlight Media,2024-03-09,2024-04-08,5281.77,USD,Partial,,Net 30,4172.6
AP10378,Green Energy Co,2024-09-27,2024-10-27,14682.99,GBP,Open,,Net 30,14682.99
AP10379,TechFlow Solutions,2024-08-25,2024-09-24,8212.24,CAD,Paid,2024-09-25,Net 30,4763.1
AP10380,Global Office,2024-05-06,2024-06-05,2411.31,USD,Partial,,Net 30,1904.93
AP10381,Fast Travel,2024-01-17,2024-02-16,6346.68,GBP,Open,,Net 30,6346.68
AP10382,Global Office,2024-02-04,2024-03-05,600.29,CAD,Partial,,Net 30,348.17
AP10383,BluePrints,2024-05-05,2024-06-04,6093.75,USD,Partial,,Net 30,4814.06
AP10384,Global Office,2024-01-29,2024-02-28,14902.9,USD,Partial,,Net 30,11773.29
AP10385,Titan Manufacturing,2024-06-12,2024-07-12,11610.82,EUR,Open,,Net 30,9869.2
AP10386,TechFlow Solutions,2024-03-14,2024-04-13,7866.64,AUD,Paid,2024-03-27,Net 30,4090.65
AP10387,BluePrints,2024-10-12,2024-11-11,13207.74,USD,Partial,,Net 30,10434.11
AP10388,Green Energy Co,2024-10-11,2024-11-10,14587.12,AUD,Partial,,Net 30,7585.3
AP10389,Nexus Logistics,2024-12-22,2025-01-21,2323.34,AUD,Open,,Net 30,1208.14
AP10390,Starlight Media,2024-08-30,2024-09-29,3457.63,USD,Paid,2024-10-03,Net 30,2731.53
AP10391,BluePrints,2024-10-14,2024-11-13,6305.97,CAD,Open,,Net 30,3657.46
AP10392,Green Energy Co,2024-05-04,2024-06-03,5020.92,GBP,Paid,2024-06-05,Net 30,5020.92
AP10393,Nexus Logistics,2024-02-17,2024-03-18,12458.15,GBP,Paid,2024-03-05,Net 30,12458.15
AP10394,Titan Manufacturing,2024-11-04,2024-12-04,-456.64,CAD,Partial,,Net 30,-264.85
AP10395,Starlight Media,2024-04-21,2024-05-21,13055.16,EUR,Paid,2024-05-26,Net 30,11096.89
AP10396,BluePrints,2024-04-18,2024-05-18,14434.96,GBP,Partial,,Net 30,14434.96
AP10397,Apex Consulting,2024-05-04,2024-06-03,10586.15,AUD,Open,,Net 30,5504.8
AP10398,Starlight Media,2024-06-13,2024-07-13,5771.86,CAD,Partial,,Net 30,3347.68
AP10399,Nexus Logistics,2024-06-06,2024-07-06,7740.97,AUD,Paid,2024-06-14,Net 30,4025.3
AP10400,Apex Consulting,2024-06-12,2024-07-12,5623.5,AUD,Open,,Net 30,2924.22
AP10401,Titan Manufacturing,2024-04-23,2024-05-23,341.68,CAD,Partial,,Net 30,198.17
AP10402,Titan Manufacturing,2024-08-01,2024-08-31,3023.26,USD,Paid,2024-08-24,Net 30,2388.38
AP10403,Global Office,2024-09-12,2024-10-12,14157.62,EUR,Paid,2024-10-11,Net 30,12033.98
AP10404,Apex Consulting,2024-11-24,2024-12-24,6966.35,EUR,Open,,Net 30,5921.4
AP10405,ABC Supplies,2024-10-06,2024-11-05,13761.8,CAD,Partial,,Net 30,7981.84
AP10406,BluePrints,2024-09-25,2024-10-25,-4248.82,GBP,Open,,Net 30,-4248.82
AP10407,Green Energy Co,2024-03-11,2024-04-10,3548.36,USD,Open,,Net 30,2803.2
AP10408,Global Office,2024-09-15,2024-10-15,1000.71,CAD,Paid,2024-10-11,Net 30,580.41
AP10409,Apex Consulting,2024-01-09,2024-02-08,-2803.05,GBP,Open,,Net 30,-2803.05
AP10410,Starlight Media,2024-05-20,2024-06-19,4371.66,CAD,Partial,,Net 30,2535.56
AP10411,Green Energy Co,2024-04-01,2024-05-01,1535.08,USD,Open,,Net 30,1212.71
AP10412,Global Office,2024-11-13,2024-12-13,12246.69,EUR,Paid,2024-11-20,Net 30,10409.69
AP10413,Nexus Logistics,2024-07-26,2024-08-25,3723.8,USD,Paid,2024-08-21,Net 30,2941.8
AP10414,Fast Travel,2024-11-30,2024-12-30,9783.43,GBP,Open,,Net 30,9783.43
AP10415,Green Energy Co,2024-07-13,2024-08-12,7192.48,GBP,Partial,,Net 30,7192.48
AP10416,ABC Supplies,2024-02-12,2024-03-13,6565.25,EUR,Partial,,Net 30,5580.46
AP10417,Fast Travel,2024-09-27,2024-10-27,3523.52,CAD,Paid,2024-10-10,Net 30,2043.64
AP10418,BluePrints,2024-02-08,2024-03-09,4277.56,CAD,Partial,,Net 30,2480.98
AP10419,BluePrints,2024-04-01,2024-05-01,4785.82,USD,Partial,,Net 30,3780.8
AP10420,ABC Supplies,2024-12-30,2025-01-29,13940.24,EUR,Open,,Net 30,11849.2
AP10421,Titan Manufacturing,2024-05-03,2024-06-02,12756.69,CAD,Paid,2024-05-20,Net 30,7398.88
AP10422,ABC Supplies,2024-12-18,2025-01-17,7561.81,EUR,Open,,Net 30,6427.54
AP10423,Fast Travel,2024-08-11,2024-09-10,1232.67,CAD,Partial,,Net 30,714.95
AP10424,Titan Manufacturing,2024-07-22,2024-08-21,4963.01,EUR,Paid,2024-08-11,Net 30,4218.56
AP10425,Global Office,2024-07-01,2024-07-31,5693.86,USD,Partial,,Net 30,4498.15
AP10426,Titan Manufacturing,2024-12-04,2025-01-03,11605.29,EUR,Open,,Net 30,9864.5
AP10427,Fast Travel,2024-02-12,2024-03-13,5762.0,USD,Partial,,Net 30,4551.98
AP10428,Green Energy Co,2024-06-11,2024-07-11,1463.65,EUR,Paid,2024-06-27,Net 30,1244.1
AP10429,TechFlow Solutions,2024-02-22,2024-03-23,2892.14,AUD,Partial,,Net 30,1503.91
AP10430,Starlight Media,2024-09-19,2024-10-19,491.3,EUR,Partial,,Net 30,417.61
AP10431,Fast Travel,2024-11-01,2024-12-01,4934.01,AUD,Open,,Net 30,2565.69
AP10432,TechFlow Solutions,2024-07-30,2024-08-29,1362.02,CAD,Open,,Net 30,789.97
AP10433,Titan Manufacturing,2024-09-23,2024-10-23,5772.91,USD,Paid,2024-10-07,Net 30,4560.6
AP10434,TechFlow Solutions,2024-09-09,2024-10-09,2591.39,EUR,Paid,2024-09-23,Net 30,2202.68
AP10435,Apex Consulting,2024-02-09,2024-03-10,14168.91,AUD,Partial,,Net 30,7367.83
AP10436,Titan Manufacturing,2024-04-10,2024-05-10,2118.79,GBP,Paid,2024-04-25,Net 30,2118.79
AP10437,Titan Manufacturing,2024-07-13,2024-08-12,5010.17,EUR,Paid,2024-08-13,Net 30,4258.64
AP10438,Titan Manufacturing,2024-03-10,2024-04-09,9087.85,USD,Paid,2024-03-25,Net 30,7179.4
AP10439,ABC Supplies,2024-07-22,2024-08-21,4442.58,AUD,Partial,,Net 30,2310.14
AP10440,Global Office,2024-06-15,2024-07-15,12265.77,AUD,Paid,2024-06-23,Net 30,6378.2
AP10441,Titan Manufacturing,2024-04-12,2024-05-12,8229.87,CAD,Open,,Net 30,4773.32
AP10442,Apex Consulting,2024-12-28,2025-01-27,11985.51,GBP,Paid,2025-01-23,Net 30,11985.51
AP10443,Apex Consulting,2024-03-12,2024-04-11,3706.12,USD,Partial,,Net 30,2927.83
AP10444,Green Energy Co,2024-07-12,2024-08-11,14861.44,AUD,Partial,,Net 30,7727.95
AP10445,Green Energy Co,2024-09-30,2024-10-30,13813.84,AUD,Partial,,Net 30,7183.2
AP10446,BluePrints,2024-07-03,2024-08-02,12203.22,CAD,Partial,,Net 30,7077.87
AP10447,Fast Travel,2024-02-25,2024-03-26,9898.26,EUR,Open,,Net 30,8413.52
AP10448,Titan Manufacturing,2024-01-23,2024-02-22,9710.96,AUD,Paid,2024-02-27,Net 30,5049.7
AP10449,Green Energy Co,2024-02-24,2024-03-25,-1367.82,CAD,Partial,,Net 30,-793.34
AP10450,Starlight Media,2024-10-12,2024-11-11,8671.01,AUD,Paid,2024-10-29,Net 30,4508.93
AP10451,Apex Consulting,2024-12-13,2025-01-12,7556.94,EUR,Open,,Net 30,6423.4
AP10452,Apex Consulting,2024-02-23,2024-03-24,13816.16,GBP,Open,,Net 30,13816.16
AP10453,ABC Supplies,2024-06-27,2024-07-27,6884.46,USD,Partial,,Net 30,5438.72
AP10454,Apex Consulting,2024-06-27,2024-07-27,6628.67,AUD,Paid,2024-07-04,Net 30,3446.91
AP10455,TechFlow Solutions,2024-01-23,2024-02-22,1814.77,EUR,Partial,,Net 30,1542.55
AP10456,Fast Travel,2024-12-12,2025-01-11,13955.84,USD,Partial,,Net 30,11025.11
AP10457,ABC Supplies,2024-10-09,2024-11-08,8441.75,AUD,Open,,Net 30,4389.71
AP10458,Green Energy Co,2024-11-18,2024-12-18,9643.14,AUD,Paid,2024-11-23,Net 30,5014.43
AP10459,Titan Manufacturing,2024-04-11,2024-05-11,6500.34,GBP,Partial,,Net 30,6500.34
AP10460,Global Office,2024-04-15,2024-05-15,10586.02,GBP,Partial,,Net 30,10586.02
AP10461,Fast Travel,2024-10-01,2024-10-31,4957.18,AUD,Open,,Net 30,2577.73
AP10462,TechFlow Solutions,2024-12-09,2025-01-08,7962.95,EUR,Partial,,Net 30,6768.51
AP10463,Green Energy Co,2024-11-08,2024-12-08,1802.06,EUR,Paid,2024-12-02,Net 30,1531.75
AP10464,ABC Supplies,2024-12-10,2025-01-09,4531.93,CAD,Partial,,Net 30,2628.52
AP10465,Fast Travel,2024-12-10,2025-01-09,1856.14,EUR,Open,,Net 30,1577.72
AP10466,ABC Supplies,2024-07-10,2024-08-09,7711.29,AUD,Partial,,Net 30,4009.87
AP10467,ABC Supplies,2024-10-21,2024-11-20,2867.73,CAD,Partial,,Net 30,1663.28
AP10468,ABC Supplies,2024-10-11,2024-11-10,4403.64,USD,Paid,2024-11-11,Net 30,3478.88
AP10469,Apex Consulting,2024-11-13,2024-12-13,5449.68,GBP,Paid,2024-11-22,Net 30,5449.68
AP10470,Global Office,2024-07-15,2024-08-14,7631.03,AUD,Paid,2024-08-10,Net 30,3968.14
AP10471,Apex Consulting,2024-07-31,2024-08-30,6713.39,USD,Open,,Net 30,5303.58
AP10472,Titan Manufacturing,2024-01-16,2024-02-15,3385.89,GBP,Paid,2024-01-28,Net 30,3385.89
AP10473,Starlight Media,2024-05-27,2024-06-26,6914.09,AUD,Partial,,Net 30,3595.33
AP10474,Starlight Media,2024-02-27,2024-03-28,4091.54,CAD,Paid,2024-03-20,Net 30,2373.09
AP10475,BluePrints,2024-08-13,2024-09-12,14847.66,GBP,Partial,,Net 30,14847.66
AP10476,Global Office,2024-06-01,2024-07-01,580.23,EUR,Paid,2024-07-03,Net 30,493.2
AP10477,Fast Travel,2024-08-12,2024-09-11,1849.05,USD,Open,,Net 30,1460.75
AP10478,Titan Manufacturing,2024-12-18,2025-01-17,10690.23,AUD,Open,,Net 30,5558.92
AP10479,Titan Manufacturing,2024-03-12,2024-04-11,12221.59,GBP,Partial,,Net 30,12221.59
AP10480,Nexus Logistics,2024-09-29,2024-10-29,8127.65,EUR,Partial,,Net 30,6908.5
AP10481,TechFlow Solutions,2024-05-28,2024-06-27,14290.72,CAD,Partial,,Net 30,8288.62
AP10482,Fast Travel,2024-03-10,2024-04-09,11806.8,GBP,Paid,2024-04-11,Net 30,11806.8
AP10483,ABC Supplies,2024-12-25,2025-01-24,3820.19,EUR,Open,,Net 30,3247.16
AP10484,Green Energy Co,2024-09-07,2024-10-07,9522.79,AUD,Paid,2024-09-26,Net 30,4951.85
AP10485,Fast Travel,2024-11-20,2024-12-20,11556.38,AUD,Partial,,Net 30,6009.32
AP10486,TechFlow Solutions,2024-12-21,2025-01-20,5599.16,AUD,Paid,2025-01-13,Net 30,2911.56
AP10487,BluePrints,2024-02-17,2024-03-18,6930.89,EUR,Open,,Net 30,5891.26
AP10488,Starlight Media,2024-07-22,2024-08-21,6501.68,USD,Paid,2024-08-04,Net 30,5136.33
AP10489,Nexus Logistics,2024-05-25,2024-06-24,8711.21,CAD,Paid,2024-06-24,Net 30,5052.5
AP10490,Nexus Logistics,2024-12-15,2025-01-14,784.55,AUD,Open,,Net 30,407.97
AP10491,Fast Travel,2024-03-21,2024-04-20,110.07,AUD,Open,,Net 30,57.24
AP10492,ABC Supplies,2024-11-28,2024-12-28,13128.91,EUR,Open,,Net 30,11159.57
AP10493,Nexus Logistics,2024-05-08,2024-06-07,10001.18,USD,Open,,Net 30,7900.93
AP10494,Green Energy Co,2024-11-16,2024-12-16,10521.68,USD,Paid,2024-12-11,Net 30,8312.13
AP10495,Fast Travel,2024-12-26,2025-01-25,3279.98,GBP,Open,,Net 30,3279.98
AP10496,Titan Manufacturing,2024-04-25,2024-05-25,6731.5,GBP,Partial,,Net 30,6731.5
AP10497,Nexus Logistics,2024-03-02,2024-04-01,6392.48,USD,Paid,2024-03-09,Net 30,5050.06
AP10498,Global Office,2024-07-15,2024-08-14,12108.76,GBP,Paid,2024-07-31,Net 30,12108.76
AP10499,TechFlow Solutions,2024-03-11,2024-04-10,12219.18,USD,Partial,,Net 30,9653.15
AP10500,ABC Supplies,2024-02-05,2024-03-06,226.27,USD,Paid,2024-02-21,Net 30,178.75
AP10501,Global Office,2024-11-17,2024-12-17,13806.42,CAD,Partial,,Net 30,8007.72
AP10502,Apex Consulting,2024-04-21,2024-05-21,1596.93,GBP,Partial,,Net 30,1596.93
AP10503,Green Energy Co,2024-06-28,2024-07-28,4786.1,USD,Open,,Net 30,3781.02
AP10504,TechFlow Solutions,2024-11-26,2024-12-26,8345.61,CAD,Partial,,Net 30,4840.45
AP10505,Titan Manufacturing,2024-05-25,2024-06-24,10388.09,EUR,Open,,Net 30,8829.88
AP10506,Starlight Media,2024-11-06,2024-12-06,11242.87,EUR,Partial,,Net 30,9556.44
AP10507,BluePrints,2024-05-02,2024-06-01,1779.88,AUD,Partial,,Net 30,925.54
AP10508,Titan Manufacturing,2024-02-06,2024-03-07,14667.68,EUR,Paid,2024-02-15,Net 30,12467.53
AP10509,Green Energy Co,2024-10-18,2024-11-17,8240.71,USD,Paid,2024-11-22,Net 30,6510.16
AP10510,Fast Travel,2024-01-09,2024-02-08,305.52,USD,Open,,Net 30,241.36
AP10511,BluePrints,2024-07-22,2024-08-21,9465.7,CAD,Paid,2024-08-09,Net 30,5490.11
AP10512,Green Energy Co,2024-02-12,2024-03-13,8111.06,USD,Paid,2024-02-19,Net 30,6407.74
AP10513,TechFlow Solutions,2024-02-10,2024-03-11,3127.64,USD,Partial,,Net 30,2470.84
AP10514,Nexus Logistics,2024-07-19,2024-08-18,11472.04,GBP,Paid,2024-08-15,Net 30,11472.04
AP10515,Green Energy Co,2024-05-02,2024-06-01,1384.57,AUD,Open,,Net 30,719.98
AP10516,Apex Consulting,2024-11-09,2024-12-09,4708.42,USD,Open,,Net 30,3719.65
AP10517,BluePrints,2024-12-28,2025-01-27,269.12,AUD,Paid,2025-01-18,Net 30,139.94
AP10518,Starlight Media,2024-05-12,2024-06-11,1991.27,EUR,Partial,,Net 30,1692.58
AP10519,Fast Travel,2024-01-16,2024-02-15,6496.94,CAD,Open,,Net 30,3768.23
AP10520,TechFlow Solutions,2024-12-30,2025-01-29,9450.24,AUD,Paid,2025-01-20,Net 30,4914.12
AP10521,Nexus Logistics,2024-01-29,2024-02-28,8546.6,EUR,Open,,Net 30,7264.61
AP10522,TechFlow Solutions,2024-02-22,2024-03-23,10144.39,GBP,Open,,Net 30,10144.39
AP10523,Starlight Media,2024-01-02,2024-02-01,-4328.35,USD,Open,,Net 30,-3419.4
AP10524,Apex Consulting,2024-07-05,2024-08-04,2336.26,GBP,Partial,,Net 30,2336.26
AP10525,Green Energy Co,2024-04-24,2024-05-24,6302.22,EUR,Paid,2024-05-25,Net 30,5356.89
AP10526,Fast Travel,2024-10-19,2024-11-18,7580.41,GBP,Open,,Net 30,7580.41
AP10527,Global Office,2024-09-21,2024-10-21,14315.78,GBP,Paid,2024-10-23,Net 30,14315.78
AP10528,TechFlow Solutions,2024-06-08,2024-07-08,8341.06,GBP,Paid,2024-06-19,Net 30,8341.06
AP10529,TechFlow Solutions,2024-10-15,2024-11-14,11119.68,USD,Paid,2024-10-31,Net 30,8784.55
AP10530,Titan Manufacturing,2024-09-09,2024-10-09,11660.7,CAD,Open,,Net 30,6763.21
AP10531,ABC Supplies,2024-01-04,2024-02-03,456.26,CAD,Paid,2024-01-29,Net 30,264.63
AP10532,BluePrints,2024-06-20,2024-07-20,-3320.79,EUR,Open,,Net 30,-2822.67
AP10533,Global Office,2024-09-28,2024-10-28,6355.26,GBP,Open,,Net 30,6355.26
AP10534,TechFlow Solutions,2024-02-17,2024-03-18,-1234.22,CAD,Paid,2024-03-15,Net 30,-715.85
AP10535,Nexus Logistics,2024-08-22,2024-09-21,1365.05,GBP,Partial,,Net 30,1365.05
AP10536,ABC Supplies,2024-11-22,2024-12-22,1214.97,CAD,Open,,Net 30,704.68
AP10537,Green Energy Co,2024-12-05,2025-01-04,3627.9,EUR,Paid,2025-01-08,Net 30,3083.72
AP10538,Green Energy Co,2024-12-24,2025-01-23,4961.15,AUD,Paid,2025-01-05,Net 30,2579.8
AP10539,Fast Travel,2024-04-13,2024-05-13,11575.18,GBP,Open,,Net 30,11575.18
AP10540,Fast Travel,2024-03-25,2024-04-24,4779.1,GBP,Partial,,Net 30,4779.1
AP10541,Nexus Logistics,2024-04-16,2024-05-16,7003.86,GBP,Open,,Net 30,7003.86
AP10542,ABC Supplies,2024-12-17,2025-01-16,10600.1,CAD,Open,,Net 30,6148.06
AP10543,Global Office,2024-06-16,2024-07-16,10696.25,EUR,Paid,2024-07-07,Net 30,9091.81
AP10544,BluePrints,2024-12-12,2025-01-11,12319.34,USD,Open,,Net 30,9732.28
AP10545,Green Energy Co,2024-08-19,2024-09-18,8296.8,GBP,Paid,2024-08-27,Net 30,8296.8
AP10546,ABC Supplies,2024-03-03,2024-04-02,-4168.82,USD,Open,,Net 30,-3293.37
AP10547,Global Office,2024-07-24,2024-08-23,9491.43,GBP,Partial,,Net 30,9491.43
AP10548,Titan Manufacturing,2024-05-12,2024-06-11,1217.31,GBP,Open,,Net 30,1217.31
AP10549,Apex Consulting,2024-03-06,2024-04-05,12724.4,EUR,Open,,Net 30,10815.74
AP10550,BluePrints,2024-08-24,2024-09-23,13869.56,AUD,Partial,,Net 30,7212.17
AP10551,Green Energy Co,2024-09-11,2024-10-11,-3447.74,USD,Paid,2024-09-22,Net 30,-2723.71
AP10552,ABC Supplies,2024-05-20,2024-06-19,13263.01,GBP,Partial,,Net 30,13263.01
AP10553,Titan Manufacturing,2024-11-11,2024-12-11,4497.07,AUD,Partial,,Net 30,2338.48
AP10554,Apex Consulting,2024-02-01,2024-03-02,5806.93,AUD,Open,,Net 30,3019.6
AP10555,Starlight Media,2024-05-07,2024-06-06,12052.3,GBP,Paid,2024-06-06,Net 30,12052.3
AP10556,Nexus Logistics,2024-09-02,2024-10-02,7321.72,CAD,Partial,,Net 30,4246.6
AP10557,Nexus Logistics,2024-07-17,2024-08-16,488.34,CAD,Open,,Net 30,283.24
AP10558,BluePrints,2024-05-23,2024-06-22,14873.82,CAD,Paid,2024-06-21,Net 30,8626.82
AP10559,Titan Manufacturing,2024-04-29,2024-05-29,1592.0,USD,Paid,2024-05-21,Net 30,1257.68
AP10560,BluePrints,2024-04-22,2024-05-22,14741.7,AUD,Paid,2024-05-26,Net 30,7665.68
AP10561,ABC Supplies,2024-03-31,2024-04-30,4838.27,EUR,Partial,,Net 30,4112.53
AP10562,BluePrints,2024-12-26,2025-01-25,14218.63,CAD,Open,,Net 30,8246.81
AP10563,Titan Manufacturing,2024-04-06,2024-05-06,12174.98,AUD,Partial,,Net 30,6330.99
AP10564,TechFlow Solutions,2024-03-30,2024-04-29,1444.83,USD,Partial,,Net 30,1141.42
AP10565,Global Office,2024-01-11,2024-02-10,110.18,CAD,Open,,Net 30,63.9
AP10566,ABC Supplies,2024-06-23,2024-07-23,13789.83,EUR,Open,,Net 30,11721.36
AP10567,BluePrints,2024-03-16,2024-04-15,13766.64,GBP,Partial,,Net 30,13766.64
AP10568,Nexus Logistics,2024-02-07,2024-03-08,14134.66,AUD,Partial,,Net 30,7350.02
AP10569,Fast Travel,2024-06-21,2024-07-21,2133.13,USD,Partial,,Net 30,1685.17
AP10570,Green Energy Co,2024-11-23,2024-12-23,9772.79,USD,Partial,,Net 30,7720.5
AP10571,Starlight Media,2024-12-21,2025-01-20,9244.26,EUR,Open,,Net 30,7857.62
AP10572,Titan Manufacturing,2024-03-30,2024-04-29,11036.53,EUR,Open,,Net 30,9381.05
AP10573,ABC Supplies,2024-01-01,2024-01-31,14235.6,AUD,Partial,,Net 30,7402.51
AP10574,BluePrints,2024-04-03,2024-05-03,13823.47,CAD,Open,,Net 30,8017.61
AP10575,Titan Manufacturing,2024-02-23,2024-03-24,2195.59,GBP,Open,,Net 30,2195.59
AP10576,Nexus Logistics,2024-06-12,2024-07-12,13291.27,GBP,Partial,,Net 30,13291.27
AP10577,Nexus Logistics,2024-08-16,2024-09-15,-1127.45,GBP,Paid,2024-08-29,Net 30,-1127.45
AP10578,Fast Travel,2024-01-01,2024-01-31,-2247.28,AUD,Open,,Net 30,-1168.59
AP10579,Green Energy Co,2024-09-09,2024-10-09,5333.34,AUD,Open,,Net 30,2773.34
AP10580,Apex Consulting,2024-10-22,2024-11-21,10338.69,USD,Paid,2024-10-29,Net 30,8167.57
AP10581,BluePrints,2024-05-30,2024-06-29,-1379.53,GBP,Open,,Net 30,-1379.53
AP10582,Nexus Logistics,2024-03-28,2024-04-27,2497.48,GBP,Partial,,Net 30,2497.48
AP10583,Fast Travel,2024-06-22,2024-07-22,9243.31,AUD,Partial,,Net 30,4806.52
AP10584,BluePrints,2024-08-08,2024-09-07,2558.46,AUD,Open,,Net 30,1330.4
AP10585,BluePrints,2024-02-21,2024-03-22,14618.54,AUD,Partial,,Net 30,7601.64
AP10586,Starlight Media,2024-10-03,2024-11-02,4294.69,USD,Open,,Net 30,3392.81
AP10587,BluePrints,2024-07-20,2024-08-19,12613.83,USD,Open,,Net 30,9964.93
AP10588,Nexus Logistics,2024-01-02,2024-02-01,4488.79,CAD,Paid,2024-01-13,Net 30,2603.5
AP10589,Fast Travel,2024-01-14,2024-02-13,9609.04,GBP,Paid,2024-02-15,Net 30,9609.04
AP10590,Fast Travel,2024-06-06,2024-07-06,7117.07,EUR,Open,,Net 30,6049.51
AP10591,Starlight Media,2024-07-17,2024-08-16,13293.84,EUR,Open,,Net 30,11299.76
AP10592,Apex Consulting,2024-01-23,2024-02-22,7029.36,USD,Paid,2024-02-15,Net 30,5553.19
AP10593,BluePrints,2024-03-18,2024-04-17,10045.28,GBP,Partial,,Net 30,10045.28
AP10594,Nexus Logistics,2024-10-04,2024-11-03,11371.21,USD,Partial,,Net 30,8983.26
AP10595,BluePrints,2024-07-17,2024-08-16,6337.62,CAD,Partial,,Net 30,3675.82
AP10596,Apex Consulting,2024-10-20,2024-11-19,7196.31,GBP,Paid,2024-11-22,Net 30,7196.31
AP10597,BluePrints,2024-09-14,2024-10-14,7800.58,CAD,Partial,,Net 30,4524.34
AP10598,Titan Manufacturing,2024-03-16,2024-04-15,11382.11,USD,Open,,Net 30,8991.87
AP10599,Global Office,2024-04-08,2024-05-08,6408.29,AUD,Open,,Net 30,3332.31
AP10600,ABC Supplies,2024-10-31,2024-11-30,13670.99,GBP,Open,,Net 30,13670.99
AP10601,Green Energy Co,2024-10-11,2024-11-10,4959.29,EUR,Partial,,Net 30,4215.4
AP10602,Apex Consulting,2024-01-07,2024-02-06,9383.56,CAD,Paid,2024-01-15,Net 30,5442.46
AP10603,Green Energy Co,2024-03-17,2024-04-16,8860.22,GBP,Open,,Net 30,8860.22
AP10604,Titan Manufacturing,2024-02-21,2024-03-22,13025.38,EUR,Paid,2024-03-05,Net 30,11071.57
AP10605,Green Energy Co,2024-12-01,2024-12-31,9173.54,GBP,Open,,Net 30,9173.54
AP10606,TechFlow Solutions,2024-07-25,2024-08-24,9168.96,AUD,Open,,Net 30,4767.86
AP10607,Green Energy Co,2024-06-18,2024-07-18,834.44,AUD,Paid,2024-07-21,Net 30,433.91
AP10608,Nexus Logistics,2024-01-11,2024-02-10,11925.42,EUR,Paid,2024-02-11,Net 30,10136.61
AP10609,Apex Consulting,2024-12-22,2025-01-21,14590.2,USD,Open,,Net 30,11526.26
AP10610,TechFlow Solutions,2024-08-14,2024-09-13,4880.94,AUD,Partial,,Net 30,2538.09
AP10611,Fast Travel,2024-04-06,2024-05-06,13710.15,AUD,Partial,,Net 30,7129.28
AP10612,Apex Consulting,2024-09-21,2024-10-21,12333.16,CAD,Open,,Net 30,7153.23
AP10613,Fast Travel,2024-06-08,2024-07-08,6110.44,CAD,Partial,,Net 30,3544.06
AP10614,BluePrints,2024-03-29,2024-04-28,12510.66,GBP,Open,,Net 30,12510.66
AP10615,BluePrints,2024-08-21,2024-09-20,5469.59,USD,Paid,2024-09-06,Net 30,4320.98
AP10616,Apex Consulting,2024-09-15,2024-10-15,13853.8,GBP,Open,,Net 30,13853.8
AP10617,Nexus Logistics,2024-09-07,2024-10-07,2746.0,AUD,Partial,,Net 30,1427.92
AP10618,Starlight Media,2024-06-28,2024-07-28,12581.04,EUR,Partial,,Net 30,10693.88
AP10619,Fast Travel,2024-05-25,2024-06-24,-343.29,CAD,Open,,Net 30,-199.11
AP10620,Global Office,2024-11-27,2024-12-27,3180.29,AUD,Partial,,Net 30,1653.75
AP10621,BluePrints,2024-12-15,2025-01-14,-4566.43,USD,Partial,,Net 30,-3607.48
AP10622,BluePrints,2024-04-24,2024-05-24,12095.77,EUR,Partial,,Net 30,10281.4
AP10623,TechFlow Solutions,2024-08-04,2024-09-03,12788.63,AUD,Paid,2024-08-15,Net 30,6650.09
AP10624,Apex Consulting,2024-06-03,2024-07-03,12382.23,AUD,Partial,,Net 30,6438.76
AP10625,Fast Travel,2024-01-04,2024-02-03,9969.1,EUR,Partial,,Net 30,8473.74
AP10626,Titan Manufacturing,2024-11-07,2024-12-07,10297.76,AUD,Open,,Net 30,5354.84
AP10627,Nexus Logistics,2024-05-21,2024-06-20,12936.22,EUR,Partial,,Net 30,10995.79
AP10628,TechFlow Solutions,2024-04-06,2024-05-06,11505.57,GBP,Partial,,Net 30,11505.57
AP10629,Green Energy Co,2024-12-04,2025-01-03,2184.95,GBP,Partial,,Net 30,2184.95
AP10630,Apex Consulting,2024-05-31,2024-06-30,6336.63,AUD,Partial,,Net 30,3295.05
AP10631,BluePrints,2024-10-25,2024-11-24,8623.43,USD,Paid,2024-11-22,Net 30,6812.51
AP10632,Global Office,2024-12-17,2025-01-16,11794.97,EUR,Partial,,Net 30,10025.72
AP10633,TechFlow Solutions,2024-03-28,2024-04-27,13159.77,USD,Paid,2024-04-05,Net 30,10396.22
AP10634,Apex Consulting,2024-03-06,2024-04-05,10905.28,CAD,Open,,Net 30,6325.06
AP10635,Nexus Logistics,2024-12-01,2024-12-31,5393.72,EUR,Paid,2024-12-31,Net 30,4584.66
AP10636,Nexus Logistics,2024-07-09,2024-08-08,4481.36,GBP,Paid,2024-07-15,Net 30,4481.36
AP10637,Titan Manufacturing,2024-10-24,2024-11-23,1161.11,USD,Partial,,Net 30,917.28
AP10638,Fast Travel,2024-12-14,2025-01-13,4545.5,GBP,Open,,Net 30,4545.5
AP10639,ABC Supplies,2024-04-12,2024-05-12,14809.15,AUD,Open,,Net 30,7700.76
AP10640,Nexus Logistics,2024-04-02,2024-05-02,7364.95,USD,Paid,2024-04-27,Net 30,5818.31
AP10641,BluePrints,2024-01-03,2024-02-02,3219.8,USD,Partial,,Net 30,2543.64
AP10642,ABC Supplies,2024-09-07,2024-10-07,11718.31,USD,Partial,,Net 30,9257.46
AP10643,Green Energy Co,2024-11-20,2024-12-20,6492.48,AUD,Paid,2024-11-25,Net 30,3376.09
AP10644,BluePrints,2024-09-30,2024-10-30,5659.21,GBP,Paid,2024-10-29,Net 30,5659.21
AP10645,Starlight Media,2024-04-07,2024-05-07,-120.21,USD,Open,,Net 30,-94.97
AP10646,Nexus Logistics,2024-06-08,2024-07-08,5814.9,CAD,Paid,2024-06-18,Net 30,3372.64
AP10647,Fast Travel,2024-01-24,2024-02-23,4433.33,CAD,Partial,,Net 30,2571.33
AP10648,Starlight Media,2024-06-21,2024-07-21,10333.02,USD,Paid,2024-07-24,Net 30,8163.09
AP10649,Apex Consulting,2024-07-02,2024-08-01,2556.76,AUD,Open,,Net 30,1329.52
AP10650,Global Office,2024-04-24,2024-05-24,2054.97,GBP,Partial,,Net 30,2054.97
AP10651,Starlight Media,2024-03-27,2024-04-26,10695.54,GBP,Paid,2024-04-29,Net 30,10695.54
AP10652,TechFlow Solutions,2024-09-30,2024-10-30,8949.47,GBP,Partial,,Net 30,8949.47
AP10653,Fast Travel,2024-11-30,2024-12-30,818.7,GBP,Paid,2024-12-19,Net 30,818.7
AP10654,Green Energy Co,2024-03-04,2024-04-03,7168.51,USD,Open,,Net 30,5663.12
AP10655,BluePrints,2024-06-03,2024-07-03,1604.6,CAD,Paid,2024-06-27,Net 30,930.67
AP10656,Titan Manufacturing,2024-12-24,2025-01-23,12476.73,GBP,Partial,,Net 30,12476.73
AP10657,Titan Manufacturing,2024-03-01,2024-03-31,11792.92,AUD,Open,,Net 30,6132.32
AP10658,Titan Manufacturing,2024-04-12,2024-05-12,12489.33,USD,Paid,2024-05-09,Net 30,9866.57
AP10659,Green Energy Co,2024-05-31,2024-06-30,8267.27,USD,Partial,,Net 30,6531.14
AP10660,Apex Consulting,2024-06-18,2024-07-18,289.97,GBP,Open,,Net 30,289.97
AP10661,Titan Manufacturing,2024-12-08,2025-01-07,14246.75,CAD,Open,,Net 30,8263.11
AP10662,Fast Travel,2024-05-11,2024-06-10,6905.59,EUR,Paid,2024-05-30,Net 30,5869.75
AP10663,BluePrints,2024-02-21,2024-03-22,13124.69,EUR,Paid,2024-03-22,Net 30,11155.99
AP10664,Nexus Logistics,2024-08-06,2024-09-05,1515.48,GBP,Open,,Net 30,1515.48
AP10665,ABC Supplies,2024-12-05,2025-01-04,4997.05,AUD,Partial,,Net 30,2598.47
AP10666,TechFlow Solutions,2024-02-17,2024-03-18,5206.57,GBP,Paid,2024-03-05,Net 30,5206.57
AP10667,Apex Consulting,2024-05-19,2024-06-18,10379.55,AUD,Paid,2024-06-13,Net 30,5397.37
AP10668,ABC Supplies,2024-02-27,2024-03-28,10923.53,USD,Open,,Net 30,8629.59
AP10669,Green Energy Co,2024-10-29,2024-11-28,8577.26,AUD,Open,,Net 30,4460.18
AP10670,Titan Manufacturing,2024-07-13,2024-08-12,9209.24,USD,Paid,2024-08-16,Net 30,7275.3
AP10671,Apex Consulting,2024-02-27,2024-03-28,6666.25,GBP,Paid,2024-03-23,Net 30,6666.25
AP10672,Nexus Logistics,2024-01-07,2024-02-06,10201.14,CAD,Partial,,Net 30,5916.66
AP10673,Titan Manufacturing,2024-04-24,2024-05-24,10080.68,EUR,Partial,,Net 30,8568.58
AP10674,Starlight Media,2024-12-18,2025-01-17,1519.11,USD,Paid,2025-01-03,Net 30,1200.1
AP10675,Green Energy Co,2024-03-17,2024-04-16,8419.33,CAD,Open,,Net 30,4883.21
AP10676,BluePrints,2024-11-25,2024-12-25,7632.96,AUD,Paid,2024-12-27,Net 30,3969.14
AP10677,ABC Supplies,2024-02-08,2024-03-09,4877.44,EUR,Paid,2024-02-14,Net 30,4145.82
AP10678,Starlight Media,2024-04-24,2024-05-24,5741.7,USD,Open,,Net 30,4535.94
AP10679,Apex Consulting,2024-08-15,2024-09-14,6776.67,AUD,Paid,2024-08-30,Net 30,3523.87
AP10680,Fast Travel,2024-09-11,2024-10-11,364.76,AUD,Paid,2024-09-17,Net 30,189.68
AP10681,Starlight Media,2024-10-08,2024-11-07,-545.39,CAD,Partial,,Net 30,-316.33
AP10682,TechFlow Solutions,2024-09-17,2024-10-17,9853.48,AUD,Paid,2024-10-03,Net 30,5123.81
AP10683,BluePrints,2024-04-24,2024-05-24,5046.39,CAD,Partial,,Net 30,2926.91
AP10684,Apex Consulting,2024-12-02,2025-01-01,6842.73,GBP,Partial,,Net 30,6842.73
AP10685,Global Office,2024-01-02,2024-02-01,12465.27,EUR,Partial,,Net 30,10595.48
AP10686,Starlight Media,2024-07-10,2024-08-09,782.09,USD,Paid,2024-07-19,Net 30,617.85
AP10687,Green Energy Co,2024-02-24,2024-03-25,3019.23,GBP,Paid,2024-03-06,Net 30,3019.23
AP10688,Apex Consulting,2024-04-07,2024-05-07,1705.71,AUD,Open,,Net 30,886.97
AP10689,Titan Manufacturing,2024-03-04,2024-04-03,6812.52,CAD,Partial,,Net 30,3951.26
AP10690,ABC Supplies,2024-09-12,2024-10-12,-3707.45,CAD,Paid,2024-10-13,Net 30,-2150.32
AP10691,Titan Manufacturing,2024-09-04,2024-10-04,11738.11,USD,Partial,,Net 30,9273.11
AP10692,Titan Manufacturing,2024-03-29,2024-04-28,2012.89,AUD,Partial,,Net 30,1046.7
AP10693,Titan Manufacturing,2024-11-06,2024-12-06,7611.24,AUD,Paid,2024-11-30,Net 30,3957.84
AP10694,Global Office,2024-05-20,2024-06-19,5208.6,EUR,Paid,2024-06-19,Net 30,4427.31
AP10695,ABC Supplies,2024-03-11,2024-04-10,10530.21,CAD,Paid,2024-04-11,Net 30,6107.52
AP10696,Starlight Media,2024-06-09,2024-07-09,14039.13,USD,Open,,Net 30,11090.91
AP10697,Global Office,2024-11-15,2024-12-15,10330.51,USD,Partial,,Net 30,8161.1
AP10698,ABC Supplies,2024-09-14,2024-10-14,9589.47,GBP,Paid,2024-10-06,Net 30,9589.47
AP10699,Apex Consulting,2024-10-25,2024-11-24,10040.64,AUD,Partial,,Net 30,5221.13
AP10700,Starlight Media,2024-05-26,2024-06-25,6393.56,GBP,Partial,,Net 30,6393.56
AP10701,Fast Travel,2024-01-13,2024-02-12,890.67,GBP,Open,,Net 30,890.67
AP10702,TechFlow Solutions,2024-03-23,2024-04-22,10282.52,USD,Open,,Net 30,8123.19
AP10703,TechFlow Solutions,2024-04-14,2024-05-14,581.37,AUD,Open,,Net 30,302.31
AP10704,Titan Manufacturing,2024-12-11,2025-01-10,12986.14,CAD,Paid,2024-12-23,Net 30,7531.96
AP10705,Starlight Media,2024-12-22,2025-01-21,10000.95,AUD,Paid,2025-01-09,Net 30,5200.49
AP10706,Nexus Logistics,2024-10-09,2024-11-08,11180.68,USD,Partial,,Net 30,8832.74
AP10707,Apex Consulting,2024-04-25,2024-05-25,10598.97,EUR,Partial,,Net 30,9009.12
AP10708,Starlight Media,2024-11-04,2024-12-04,10901.23,USD,Paid,2024-11-23,Net 30,8611.97
AP10709,ABC Supplies,2024-12-15,2025-01-14,14440.88,CAD,Open,,Net 30,8375.71
AP10710,Green Energy Co,2024-01-21,2024-02-20,8393.32,USD,Open,,Net 30,6630.72
AP10711,Titan Manufacturing,2024-05-10,2024-06-09,-2385.02,USD,Open,,Net 30,-1884.17
AP10712,ABC Supplies,2024-06-14,2024-07-14,11627.55,CAD,Partial,,Net 30,6743.98
AP10713,TechFlow Solutions,2024-09-08,2024-10-08,8297.39,GBP,Partial,,Net 30,8297.39
AP10714,Nexus Logistics,2024-09-26,2024-10-26,2839.65,GBP,Partial,,Net 30,2839.65
AP10715,ABC Supplies,2024-07-31,2024-08-30,6110.91,EUR,Open,,Net 30,5194.27
AP10716,Global Office,2024-12-05,2025-01-04,5475.89,USD,Partial,,Net 30,4325.95
AP10717,Starlight Media,2024-08-31,2024-09-30,12372.96,GBP,Open,,Net 30,12372.96
AP10718,Nexus Logistics,2024-08-16,2024-09-15,9669.74,CAD,Open,,Net 30,5608.45
AP10719,BluePrints,2024-12-15,2025-01-14,5782.45,GBP,Paid,2024-12-28,Net 30,5782.45
AP10720,Starlight Media,2024-05-24,2024-06-23,-2632.65,EUR,Partial,,Net 30,-2237.75
AP10721,Starlight Media,2024-08-16,2024-09-15,4516.87,USD,Paid,2024-09-06,Net 30,3568.33
AP10722,Fast Travel,2024-02-19,2024-03-20,14348.52,CAD,Partial,,Net 30,8322.14
AP10723,BluePrints,2024-11-16,2024-12-16,10087.99,USD,Partial,,Net 30,7969.51
AP10724,Green Energy Co,2024-02-23,2024-03-24,12448.36,AUD,Partial,,Net 30,6473.15
AP10725,Fast Travel,2024-12-17,2025-01-16,6942.46,EUR,Open,,Net 30,5901.09
AP10726,Fast Travel,2024-02-07,2024-03-08,11933.8,CAD,Open,,Net 30,6921.6
AP10727,Titan Manufacturing,2024-04-26,2024-05-26,6173.73,AUD,Partial,,Net 30,3210.34
AP10728,Green Energy Co,2024-08-09,2024-09-08,5903.58,GBP,Partial,,Net 30,5903.58
AP10729,BluePrints,2024-11-24,2024-12-24,1042.24,CAD,Open,,Net 30,604.5
AP10730,Fast Travel,2024-07-02,2024-08-01,1681.42,EUR,Partial,,Net 30,1429.21
AP10731,Fast Travel,2024-05-24,2024-06-23,6621.37,AUD,Partial,,Net 30,3443.11
AP10732,BluePrints,2024-08-30,2024-09-29,3376.0,AUD,Partial,,Net 30,1755.52
AP10733,TechFlow Solutions,2024-11-20,2024-12-20,10191.61,EUR,Open,,Net 30,8662.87
AP10734,Starlight Media,2024-10-11,2024-11-10,722.42,CAD,Partial,,Net 30,419.0
AP10735,Green Energy Co,2024-10-02,2024-11-01,1368.39,USD,Partial,,Net 30,1081.03
AP10736,Nexus Logistics,2024-04-18,2024-05-18,9724.38,CAD,Open,,Net 30,5640.14
AP10737,ABC Supplies,2024-04-04,2024-05-04,12537.75,USD,Open,,Net 30,9904.82
AP10738,ABC Supplies,2024-12-09,2025-01-08,12798.54,CAD,Paid,2025-01-03,Net 30,7423.15
AP10739,Starlight Media,2024-02-07,2024-03-08,1103.71,GBP,Open,,Net 30,1103.71
AP10740,Titan Manufacturing,2024-09-06,2024-10-06,5421.36,USD,Open,,Net 30,4282.87
AP10741,TechFlow Solutions,2024-11-13,2024-12-13,2983.13,AUD,Paid,2024-11-28,Net 30,1551.23
AP10742,Titan Manufacturing,2024-12-03,2025-01-02,8804.13,CAD,Partial,,Net 30,5106.4
AP10743,Nexus Logistics,2024-06-10,2024-07-10,2612.73,EUR,Open,,Net 30,2220.82
AP10744,Global Office,2024-12-30,2025-01-29,6598.25,EUR,Open,,Net 30,5608.51
AP10745,Nexus Logistics,2024-09-02,2024-10-02,5445.25,EUR,Paid,2024-09-24,Net 30,4628.46
AP10746,Fast Travel,2024-03-30,2024-04-29,1321.41,EUR,Open,,Net 30,1123.2
AP10747,Starlight Media,2024-04-10,2024-05-10,13306.4,GBP,Partial,,Net 30,13306.4
AP10748,Fast Travel,2024-01-10,2024-02-09,9511.23,CAD,Partial,,Net 30,5516.51
AP10749,Green Energy Co,2024-10-29,2024-11-28,646.18,EUR,Partial,,Net 30,549.25
AP10750,Starlight Media,2024-08-29,2024-09-28,2314.63,AUD,Open,,Net 30,1203.61
AP10751,Titan Manufacturing,2024-05-28,2024-06-27,7566.74,GBP,Paid,2024-06-13,Net 30,7566.74
AP10752,Starlight Media,2024-01-06,2024-02-05,12734.93,CAD,Partial,,Net 30,7386.26
AP10753,ABC Supplies,2024-09-20,2024-10-20,2472.41,CAD,Partial,,Net 30,1434.0
AP10754,ABC Supplies,2024-09-04,2024-10-04,702.26,AUD,Open,,Net 30,365.18
AP10755,Fast Travel,2024-05-15,2024-06-14,737.85,USD,Partial,,Net 30,582.9
AP10756,Nexus Logistics,2024-07-17,2024-08-16,6874.19,GBP,Open,,Net 30,6874.19
AP10757,Nexus Logistics,2024-02-22,2024-03-23,7868.46,EUR,Partial,,Net 30,6688.19
AP10758,TechFlow Solutions,2024-10-23,2024-11-22,2690.36,AUD,Paid,2024-11-15,Net 30,1398.99
AP10759,Fast Travel,2024-09-21,2024-10-21,14592.84,USD,Partial,,Net 30,11528.34
AP10760,Green Energy Co,2024-06-29,2024-07-29,5240.98,AUD,Partial,,Net 30,2725.31
AP10761,BluePrints,2024-09-13,2024-10-13,6654.49,USD,Open,,Net 30,5257.05
AP10762,Starlight Media,2024-11-25,2024-12-25,2338.58,USD,Paid,2024-12-19,Net 30,1847.48
AP10763,Fast Travel,2024-12-04,2025-01-03,12186.47,GBP,Paid,2024-12-30,Net 30,12186.47
AP10764,Apex Consulting,2024-09-02,2024-10-02,2502.57,AUD,Open,,Net 30,1301.34
AP10765,Global Office,2024-01-23,2024-02-22,8925.98,USD,Partial,,Net 30,7051.52
AP10766,Starlight Media,2024-01-21,2024-02-20,2288.29,USD,Paid,2024-02-24,Net 30,1807.75
AP10767,ABC Supplies,2024-09-21,2024-10-21,9030.43,CAD,Partial,,Net 30,5237.65
AP10768,BluePrints,2024-12-04,2025-01-03,14214.08,USD,Paid,2024-12-28,Net 30,11229.12
AP10769,Apex Consulting,2024-09-03,2024-10-03,12472.42,CAD,Open,,Net 30,7234.0
AP10770,Titan Manufacturing,2024-04-03,2024-05-03,7710.99,USD,Partial,,Net 30,6091.68
AP10771,Nexus Logistics,2024-08-20,2024-09-19,1125.76,AUD,Paid,2024-08-29,Net 30,585.4
AP10772,Fast Travel,2024-01-09,2024-02-08,12907.92,CAD,Partial,,Net 30,7486.59
AP10773,Green Energy Co,2024-03-17,2024-04-16,2743.59,CAD,Partial,,Net 30,1591.28
AP10774,BluePrints,2024-09-29,2024-10-29,1850.99,AUD,Partial,,Net 30,962.51
AP10775,ABC Supplies,2024-11-04,2024-12-04,117.88,AUD,Partial,,Net 30,61.3
AP10776,Green Energy Co,2024-07-08,2024-08-07,10494.88,AUD,Open,,Net 30,5457.34
AP10777,Apex Consulting,2024-07-14,2024-08-13,12088.85,CAD,Open,,Net 30,7011.53
AP10778,Green Energy Co,2024-03-09,2024-04-08,11511.3,GBP,Paid,2024-04-02,Net 30,11511.3
AP10779,Starlight Media,2024-07-28,2024-08-27,181.49,GBP,Partial,,Net 30,181.49
AP10780,Starlight Media,2024-03-01,2024-03-31,5687.95,USD,Partial,,Net 30,4493.48
AP10781,Nexus Logistics,2024-07-28,2024-08-27,2406.2,CAD,Paid,2024-08-10,Net 30,1395.6
AP10782,Starlight Media,2024-08-04,2024-09-03,9217.02,AUD,Open,,Net 30,4792.85
AP10783,Green Energy Co,2024-10-09,2024-11-08,7288.77,EUR,Partial,,Net 30,6195.45
AP10784,Starlight Media,2024-09-04,2024-10-04,4669.13,EUR,Partial,,Net 30,3968.76
AP10785,Green Energy Co,2024-03-11,2024-04-10,9923.31,USD,Paid,2024-04-10,Net 30,7839.41
AP10786,ABC Supplies,2024-02-21,2024-03-22,6068.36,EUR,Partial,,Net 30,5158.11
AP10787,Titan Manufacturing,2024-12-22,2025-01-21,875.59,AUD,Partial,,Net 30,455.31
AP10788,BluePrints,2024-02-16,2024-03-17,7127.86,CAD,Paid,2024-02-23,Net 30,4134.16
AP10789,Fast Travel,2024-05-14,2024-06-13,1292.59,GBP,Partial,,Net 30,1292.59
AP10790,Green Energy Co,2024-07-24,2024-08-23,7862.98,CAD,Open,,Net 30,4560.53
AP10791,ABC Supplies,2024-11-23,2024-12-23,259.58,CAD,Paid,2024-12-04,Net 30,150.56
AP10792,BluePrints,2024-11-02,2024-12-02,10506.9,CAD,Open,,Net 30,6094.0
AP10793,BluePrints,2024-07-03,2024-08-02,104.28,USD,Open,,Net 30,82.38
AP10794,TechFlow Solutions,2024-07-23,2024-08-22,5987.63,CAD,Open,,Net 30,3472.83
AP10795,Starlight Media,2024-01-08,2024-02-07,1122.4,GBP,Partial,,Net 30,1122.4
AP10796,TechFlow Solutions,2024-10-13,2024-11-12,5286.62,EUR,Open,,Net 30,4493.63
AP10797,Titan Manufacturing,2024-04-09,2024-05-09,6118.95,GBP,Paid,2024-04-19,Net 30,6118.95
AP10798,Green Energy Co,2024-09-16,2024-10-16,1178.55,EUR,Paid,2024-10-21,Net 30,1001.77
AP10799,Fast Travel,2024-09-19,2024-10-19,13154.08,CAD,Paid,2024-10-16,Net 30,7629.37
AP10800,Apex Consulting,2024-07-12,2024-08-11,11572.51,EUR,Paid,2024-08-07,Net 30,9836.63
AP10801,Apex Consulting,2024-10-27,2024-11-26,7281.36,EUR,Open,,Net 30,6189.16
AP10802,Green Energy Co,2024-11-20,2024-12-20,3383.7,USD,Paid,2024-12-08,Net 30,2673.12
AP10803,Nexus Logistics,2024-09-21,2024-10-21,10542.2,EUR,Open,,Net 30,8960.87
AP10804,TechFlow Solutions,2024-02-17,2024-03-18,11256.94,EUR,Open,,Net 30,9568.4
AP10805,Starlight Media,2024-04-01,2024-05-01,5367.72,CAD,Paid,2024-04-11,Net 30,3113.28
AP10806,Global Office,2024-09-12,2024-10-12,3599.43,USD,Paid,2024-09-23,Net 30,2843.55
AP10807,Global Office,2024-04-13,2024-05-13,12561.39,EUR,Open,,Net 30,10677.18
AP10808,Fast Travel,2024-03-02,2024-04-01,10169.6,AUD,Partial,,Net 30,5288.19
AP10809,BluePrints,2024-10-04,2024-11-03,12735.36,EUR,Partial,,Net 30,10825.06
AP10810,Nexus Logistics,2024-09-09,2024-10-09,13226.71,CAD,Paid,2024-09-29,Net 30,7671.49
AP10811,ABC Supplies,2024-09-18,2024-10-18,3409.18,CAD,Open,,Net 30,1977.32
AP10812,BluePrints,2024-09-26,2024-10-26,7226.97,CAD,Open,,Net 30,4191.64
AP10813,Starlight Media,2024-06-26,2024-07-26,10326.45,USD,Paid,2024-07-04,Net 30,8157.9
AP10814,Starlight Media,2024-08-23,2024-09-22,225.44,USD,Paid,2024-09-15,Net 30,178.1
AP10815,Fast Travel,2024-06-15,2024-07-15,12941.45,USD,Partial,,Net 30,10223.75
AP10816,TechFlow Solutions,2024-05-01,2024-05-31,14382.05,EUR,Paid,2024-05-11,Net 30,12224.74
AP10817,Apex Consulting,2024-08-05,2024-09-04,10540.62,EUR,Paid,2024-09-06,Net 30,8959.53
AP10818,Green Energy Co,2024-05-23,2024-06-22,8614.0,CAD,Partial,,Net 30,4996.12
AP10819,Global Office,2024-02-21,2024-03-22,12080.9,CAD,Paid,2024-03-24,Net 30,7006.92
AP10820,Green Energy Co,2024-04-10,2024-05-10,14391.3,USD,Paid,2024-05-10,Net 30,11369.13
AP10821,BluePrints,2024-03-31,2024-04-30,2103.63,CAD,Partial,,Net 30,1220.11
AP10822,Nexus Logistics,2024-09-06,2024-10-06,8475.86,CAD,Open,,Net 30,4916.0
AP10823,Green Energy Co,2024-02-20,2024-03-21,994.54,EUR,Paid,2024-03-22,Net 30,845.36
AP10824,Fast Travel,2024-08-18,2024-09-17,3970.56,EUR,Partial,,Net 30,3374.98
AP10825,Starlight Media,2024-05-11,2024-06-10,6235.24,EUR,Partial,,Net 30,5299.95
AP10826,Titan Manufacturing,2024-04-11,2024-05-11,9783.0,CAD,Open,,Net 30,5674.14
AP10827,TechFlow Solutions,2024-06-30,2024-07-30,7705.62,AUD,Open,,Net 30,4006.92
AP10828,Green Energy Co,2024-11-10,2024-12-10,9512.51,USD,Open,,Net 30,7514.88
AP10829,Nexus Logistics,2024-08-03,2024-09-02,8617.4,GBP,Open,,Net 30,8617.4
AP10830,ABC Supplies,2024-06-24,2024-07-24,4821.49,EUR,Partial,,Net 30,4098.27
AP10831,TechFlow Solutions,2024-11-05,2024-12-05,4141.6,AUD,Paid,2024-12-03,Net 30,2153.63
AP10832,Titan Manufacturing,2024-09-23,2024-10-23,6268.44,USD,Open,,Net 30,4952.07
AP10833,ABC Supplies,2024-04-30,2024-05-30,14112.52,GBP,Open,,Net 30,14112.52
AP10834,ABC Supplies,2024-07-22,2024-08-21,1050.51,AUD,Partial,,Net 30,546.27
AP10835,BluePrints,2024-01-14,2024-02-13,7907.34,GBP,Open,,Net 30,7907.34
AP10836,TechFlow Solutions,2024-11-12,2024-12-12,9857.01,AUD,Paid,2024-11-24,Net 30,5125.65
AP10837,Global Office,2024-05-25,2024-06-24,1983.53,CAD,Open,,Net 30,1150.45
AP10838,BluePrints,2024-01-18,2024-02-17,12919.5,EUR,Paid,2024-02-06,Net 30,10981.57
AP10839,Starlight Media,2024-05-19,2024-06-18,2113.21,CAD,Open,,Net 30,1225.66
AP10840,Titan Manufacturing,2024-11-01,2024-12-01,11258.78,CAD,Paid,2024-11-22,Net 30,6530.09
AP10841,Starlight Media,2024-06-07,2024-07-07,7276.61,USD,Open,,Net 30,5748.52
AP10842,Apex Consulting,2024-06-06,2024-07-06,3971.12,EUR,Open,,Net 30,3375.45
AP10843,BluePrints,2024-09-24,2024-10-24,12734.4,EUR,Paid,2024-10-14,Net 30,10824.24
AP10844,Starlight Media,2024-01-05,2024-02-04,7429.78,AUD,Paid,2024-01-10,Net 30,3863.49
AP10845,Green Energy Co,2024-05-29,2024-06-28,11971.83,CAD,Paid,2024-06-09,Net 30,6943.66
AP10846,Green Energy Co,2024-10-14,2024-11-13,3823.45,AUD,Paid,2024-10-26,Net 30,1988.19
AP10847,TechFlow Solutions,2024-02-10,2024-03-11,3669.47,CAD,Partial,,Net 30,2128.29
AP10848,TechFlow Solutions,2024-05-25,2024-06-24,8025.97,EUR,Paid,2024-06-05,Net 30,6822.07
AP10849,Fast Travel,2024-04-03,2024-05-03,1744.31,AUD,Partial,,Net 30,907.04
AP10850,Apex Consulting,2024-05-19,2024-06-18,7430.74,EUR,Open,,Net 30,6316.13
AP10851,ABC Supplies,2024-01-26,2024-02-25,429.75,GBP,Paid,2024-02-08,Net 30,429.75
AP10852,ABC Supplies,2024-08-12,2024-09-11,3568.88,USD,Open,,Net 30,2819.42
AP10853,Apex Consulting,2024-04-21,2024-05-21,4742.49,AUD,Paid,2024-05-10,Net 30,2466.09
AP10854,BluePrints,2024-06-18,2024-07-18,11283.49,USD,Open,,Net 30,8913.96
AP10855,TechFlow Solutions,2024-07-19,2024-08-18,7105.19,USD,Paid,2024-08-19,Net 30,5613.1
AP10856,Green Energy Co,2024-01-07,2024-02-06,11545.37,USD,Paid,2024-02-05,Net 30,9120.84
AP10857,Apex Consulting,2024-05-06,2024-06-05,599.3,AUD,Partial,,Net 30,311.64
AP10858,Fast Travel,2024-09-23,2024-10-23,3205.86,AUD,Partial,,Net 30,1667.05
AP10859,TechFlow Solutions,2024-06-14,2024-07-14,10950.73,CAD,Partial,,Net 30,6351.42
AP10860,Fast Travel,2024-05-09,2024-06-08,4552.31,EUR,Open,,Net 30,3869.46
AP10861,Global Office,2024-02-27,2024-03-28,6569.01,GBP,Open,,Net 30,6569.01
AP10862,TechFlow Solutions,2024-10-26,2024-11-25,11858.24,GBP,Open,,Net 30,11858.24
AP10863,Titan Manufacturing,2024-12-19,2025-01-18,8983.56,EUR,Open,,Net 30,7636.03
AP10864,Global Office,2024-03-21,2024-04-20,10320.58,EUR,Partial,,Net 30,8772.49
AP10865,BluePrints,2024-01-31,2024-03-01,2393.38,CAD,Open,,Net 30,1388.16
AP10866,ABC Supplies,2024-09-06,2024-10-06,14726.97,EUR,Paid,2024-10-04,Net 30,12517.92
AP10867,Global Office,2024-01-11,2024-02-10,5436.7,USD,Paid,2024-02-13,Net 30,4294.99
AP10868,BluePrints,2024-09-05,2024-10-05,8429.47,CAD,Partial,,Net 30,4889.09
AP10869,Apex Consulting,2024-04-07,2024-05-07,8199.95,EUR,Partial,,Net 30,6969.96
AP10870,Apex Consulting,2024-05-20,2024-06-19,9020.33,CAD,Open,,Net 30,5231.79
AP10871,Fast Travel,2024-09-28,2024-10-28,4505.52,EUR,Partial,,Net 30,3829.69
AP10872,Nexus Logistics,2024-08-20,2024-09-19,-3226.33,AUD,Partial,,Net 30,-1677.69
AP10873,ABC Supplies,2024-01-10,2024-02-09,5524.72,CAD,Open,,Net 30,3204.34
AP10874,Nexus Logistics,2024-02-02,2024-03-03,8130.45,AUD,Open,,Net 30,4227.83
AP10875,Starlight Media,2024-12-15,2025-01-14,8316.87,CAD,Paid,2024-12-30,Net 30,4823.78
AP10876,Green Energy Co,2024-11-24,2024-12-24,1534.22,GBP,Open,,Net 30,1534.22
AP10877,ABC Supplies,2024-04-01,2024-05-01,3110.98,AUD,Open,,Net 30,1617.71
AP10878,Fast Travel,2024-01-17,2024-02-16,12560.86,AUD,Partial,,Net 30,6531.65
AP10879,Titan Manufacturing,2024-12-25,2025-01-24,831.38,USD,Partial,,Net 30,656.79
AP10880,Fast Travel,2024-01-07,2024-02-06,3210.2,AUD,Open,,Net 30,1669.3
AP10881,Apex Consulting,2024-11-23,2024-12-23,8414.5,AUD,Paid,2024-12-23,Net 30,4375.54
AP10882,BluePrints,2024-11-11,2024-12-11,705.73,GBP,Paid,2024-11-18,Net 30,705.73
AP10883,Global Office,2024-09-22,2024-10-22,10905.06,CAD,Paid,2024-10-03,Net 30,6324.93
AP10884,Global Office,2024-09-26,2024-10-26,8593.41,USD,Partial,,Net 30,6788.79
AP10885,Starlight Media,2024-07-31,2024-08-30,11517.62,CAD,Paid,2024-08-26,Net 30,6680.22
AP10886,Apex Consulting,2024-12-25,2025-01-24,13254.08,USD,Open,,Net 30,10470.72
AP10887,Starlight Media,2024-07-24,2024-08-23,9897.23,CAD,Partial,,Net 30,5740.39
AP10888,Apex Consulting,2024-06-29,2024-07-29,8296.21,EUR,Paid,2024-07-17,Net 30,7051.78
AP10889,Green Energy Co,2024-06-14,2024-07-14,8490.86,USD,Paid,2024-07-13,Net 30,6707.78
AP10890,Starlight Media,2024-05-10,2024-06-09,6840.81,AUD,Open,,Net 30,3557.22
AP10891,BluePrints,2024-05-25,2024-06-24,7812.38,EUR,Open,,Net 30,6640.52
AP10892,TechFlow Solutions,2024-04-23,2024-05-23,4792.08,EUR,Partial,,Net 30,4073.27
AP10893,Starlight Media,2024-10-11,2024-11-10,8617.02,GBP,Open,,Net 30,8617.02
AP10894,Apex Consulting,2024-07-01,2024-07-31,4048.32,CAD,Open,,Net 30,2348.03
AP10895,Global Office,2024-05-11,2024-06-10,1469.39,AUD,Partial,,Net 30,764.08
AP10896,Global Office,2024-02-09,2024-03-10,11914.27,USD,Paid,2024-03-11,Net 30,9412.27
AP10897,Titan Manufacturing,2024-02-18,2024-03-19,4575.86,CAD,Paid,2024-02-25,Net 30,2654.0
AP10898,BluePrints,2024-06-20,2024-07-20,12275.41,AUD,Open,,Net 30,6383.21
AP10899,Global Office,2024-11-30,2024-12-30,13936.93,AUD,Open,,Net 30,7247.2
AP10900,TechFlow Solutions,2024-09-25,2024-10-25,-2745.66,USD,Paid,2024-10-16,Net 30,-2169.07
AP10901,Global Office,2024-03-19,2024-04-18,11000.52,AUD,Paid,2024-04-17,Net 30,5720.27
AP10902,Titan Manufacturing,2024-10-21,2024-11-20,3409.08,EUR,Paid,2024-10-30,Net 30,2897.72
AP10903,ABC Supplies,2024-06-21,2024-07-21,8614.46,GBP,Partial,,Net 30,8614.46
AP10904,Green Energy Co,2024-05-14,2024-06-13,7577.16,USD,Open,,Net 30,5985.96
AP10905,Apex Consulting,2024-10-13,2024-11-12,5990.25,CAD,Open,,Net 30,3474.34
AP10906,Starlight Media,2024-11-11,2024-12-11,7911.29,USD,Open,,Net 30,6249.92
AP10907,TechFlow Solutions,2024-08-08,2024-09-07,13869.66,GBP,Open,,Net 30,13869.66
AP10908,Green Energy Co,2024-08-04,2024-09-03,2938.3,EUR,Partial,,Net 30,2497.56
AP10909,BluePrints,2024-06-05,2024-07-05,5310.77,AUD,Partial,,Net 30,2761.6
AP10910,ABC Supplies,2024-08-13,2024-09-12,-4109.04,USD,Partial,,Net 30,-3246.14
AP10911,Nexus Logistics,2024-03-20,2024-04-19,12806.19,GBP,Partial,,Net 30,12806.19
AP10912,BluePrints,2024-05-04,2024-06-03,13908.27,EUR,Open,,Net 30,11822.03
AP10913,Nexus Logistics,2024-12-21,2025-01-20,4646.26,AUD,Open,,Net 30,2416.06
AP10914,Nexus Logistics,2024-04-17,2024-05-17,3256.94,CAD,Partial,,Net 30,1889.03
AP10915,TechFlow Solutions,2024-10-07,2024-11-06,10975.86,USD,Partial,,Net 30,8670.93
AP10916,BluePrints,2024-07-11,2024-08-10,9986.57,GBP,Paid,2024-07-21,Net 30,9986.57
AP10917,BluePrints,2024-05-25,2024-06-24,10478.25,EUR,Open,,Net 30,8906.51
AP10918,Apex Consulting,2024-12-01,2024-12-31,1092.31,EUR,Partial,,Net 30,928.46
AP10919,Nexus Logistics,2024-02-25,2024-03-26,-4350.31,AUD,Open,,Net 30,-2262.16
AP10920,Green Energy Co,2024-09-17,2024-10-17,1584.1,EUR,Paid,2024-10-19,Net 30,1346.48
AP10921,Titan Manufacturing,2024-09-29,2024-10-29,3063.24,AUD,Partial,,Net 30,1592.88
AP10922,BluePrints,2024-01-21,2024-02-20,7988.29,EUR,Paid,2024-02-07,Net 30,6790.05
AP10923,ABC Supplies,2024-01-10,2024-02-09,5343.5,EUR,Open,,Net 30,4541.97
AP10924,Starlight Media,2024-05-21,2024-06-20,9424.31,AUD,Open,,Net 30,4900.64
AP10925,Starlight Media,2024-05-23,2024-06-22,5192.61,AUD,Partial,,Net 30,2700.16
AP10926,ABC Supplies,2024-02-14,2024-03-15,7858.7,CAD,Partial,,Net 30,4558.05
AP10927,Global Office,2024-08-01,2024-08-31,2375.96,EUR,Partial,,Net 30,2019.57
AP10928,Nexus Logistics,2024-08-17,2024-09-16,3180.68,USD,Partial,,Net 30,2512.74
AP10929,Starlight Media,2024-12-16,2025-01-15,12952.56,EUR,Partial,,Net 30,11009.68
AP10930,Starlight Media,2024-03-10,2024-04-09,13644.13,USD,Partial,,Net 30,10778.86
AP10931,Titan Manufacturing,2024-03-21,2024-04-20,8404.37,GBP,Open,,Net 30,8404.37
AP10932,Nexus Logistics,2024-03-15,2024-04-14,11504.98,AUD,Paid,2024-03-29,Net 30,5982.59
AP10933,Apex Consulting,2024-11-22,2024-12-22,4179.56,USD,Open,,Net 30,3301.85
AP10934,ABC Supplies,2024-04-04,2024-05-04,-4931.18,CAD,Paid,2024-04-28,Net 30,-2860.08
AP10935,Titan Manufacturing,2024-11-09,2024-12-09,3559.52,GBP,Paid,2024-11-16,Net 30,3559.52
AP10936,Apex Consulting,2024-03-09,2024-04-08,9110.21,EUR,Open,,Net 30,7743.68
AP10937,Green Energy Co,2024-09-08,2024-10-08,2540.42,USD,Open,,Net 30,2006.93
AP10938,Green Energy Co,2024-01-08,2024-02-07,14257.95,USD,Partial,,Net 30,11263.78
AP10939,Global Office,2024-04-14,2024-05-14,13913.84,AUD,Partial,,Net 30,7235.2
AP10940,Apex Consulting,2024-12-18,2025-01-17,6917.42,USD,Paid,2025-01-04,Net 30,5464.76
AP10941,BluePrints,2024-11-07,2024-12-07,5767.58,EUR,Paid,2024-12-01,Net 30,4902.44
AP10942,Titan Manufacturing,2024-10-31,2024-11-30,9656.77,GBP,Partial,,Net 30,9656.77
AP10943,Fast Travel,2024-08-19,2024-09-18,13178.73,USD,Partial,,Net 30,10411.2
AP10944,Starlight Media,2024-07-21,2024-08-20,684.85,AUD,Partial,,Net 30,356.12
AP10945,BluePrints,2024-04-07,2024-05-07,6030.79,EUR,Paid,2024-04-26,Net 30,5126.17
AP10946,ABC Supplies,2024-08-04,2024-09-03,13793.59,CAD,Open,,Net 30,8000.28
AP10947,Apex Consulting,2024-11-26,2024-12-26,10867.44,GBP,Open,,Net 30,10867.44
AP10948,Titan Manufacturing,2024-12-22,2025-01-21,5956.69,EUR,Paid,2024-12-27,Net 30,5063.19
AP10949,ABC Supplies,2024-08-20,2024-09-19,10718.25,USD,Paid,2024-08-27,Net 30,8467.42
AP10950,TechFlow Solutions,2024-06-14,2024-07-14,13616.72,USD,Partial,,Net 30,10757.21
AP10951,Fast Travel,2024-02-16,2024-03-17,6796.04,EUR,Open,,Net 30,5776.63
AP10952,Starlight Media,2024-12-28,2025-01-27,11886.89,CAD,Partial,,Net 30,6894.4
AP10953,ABC Supplies,2024-07-12,2024-08-11,754.2,USD,Paid,2024-08-04,Net 30,595.82
AP10954,ABC Supplies,2024-03-24,2024-04-23,2765.11,GBP,Paid,2024-04-07,Net 30,2765.11
AP10955,TechFlow Solutions,2024-08-16,2024-09-15,2792.37,USD,Open,,Net 30,2205.97
AP10956,BluePrints,2024-11-14,2024-12-14,281.9,AUD,Paid,2024-12-06,Net 30,146.59
AP10957,BluePrints,2024-11-07,2024-12-07,3644.39,CAD,Partial,,Net 30,2113.75
AP10958,Apex Consulting,2024-08-20,2024-09-19,1283.13,CAD,Open,,Net 30,744.22
AP10959,Global Office,2024-10-07,2024-11-06,9466.67,USD,Open,,Net 30,7478.67
AP10960,ABC Supplies,2024-03-16,2024-04-15,5300.4,USD,Open,,Net 30,4187.32
AP10961,Titan Manufacturing,2024-11-04,2024-12-04,13813.73,GBP,Open,,Net 30,13813.73
AP10962,Green Energy Co,2024-04-01,2024-05-01,4337.27,CAD,Partial,,Net 30,2515.62
AP10963,Starlight Media,2024-03-31,2024-04-30,11265.09,EUR,Open,,Net 30,9575.33
AP10964,Fast Travel,2024-06-02,2024-07-02,13473.19,GBP,Paid,2024-07-03,Net 30,13473.19
AP10965,Starlight Media,2024-02-03,2024-03-04,2104.73,EUR,Paid,2024-02-24,Net 30,1789.02
AP10966,Green Energy Co,2024-09-25,2024-10-25,3214.86,GBP,Open,,Net 30,3214.86
AP10967,Titan Manufacturing,2024-11-18,2024-12-18,1406.28,CAD,Partial,,Net 30,815.64
AP10968,TechFlow Solutions,2024-08-06,2024-09-05,4815.68,CAD,Partial,,Net 30,2793.09
AP10969,Titan Manufacturing,2024-06-30,2024-07-30,9252.92,AUD,Partial,,Net 30,4811.52
AP10970,Apex Consulting,2024-09-09,2024-10-09,13266.59,USD,Partial,,Net 30,10480.61
AP10971,TechFlow Solutions,2024-04-09,2024-05-09,-217.54,GBP,Partial,,Net 30,-217.54
AP10972,Global Office,2024-11-11,2024-12-11,6269.21,EUR,Paid,2024-12-03,Net 30,5328.83
AP10973,Global Office,2024-01-06,2024-02-05,10381.25,EUR,Open,,Net 30,8824.06
AP10974,TechFlow Solutions,2024-06-02,2024-07-02,4926.47,GBP,Open,,Net 30,4926.47
AP10975,Nexus Logistics,2024-06-23,2024-07-23,8576.93,GBP,Open,,Net 30,8576.93
AP10976,Global Office,2024-06-18,2024-07-18,13841.97,AUD,Paid,2024-07-18,Net 30,7197.82
AP10977,BluePrints,2024-11-26,2024-12-26,2415.26,AUD,Partial,,Net 30,1255.94
AP10978,Nexus Logistics,2024-08-24,2024-09-23,6267.9,GBP,Partial,,Net 30,6267.9
AP10979,TechFlow Solutions,2024-10-16,2024-11-15,4800.99,CAD,Open,,Net 30,2784.57
AP10980,Global Office,2024-10-22,2024-11-21,12013.08,EUR,Open,,Net 30,10211.12
AP10981,ABC Supplies,2024-05-23,2024-06-22,5153.37,AUD,Partial,,Net 30,2679.75
AP10982,Starlight Media,2024-03-25,2024-04-24,5904.54,CAD,Open,,Net 30,3424.63
AP10983,TechFlow Solutions,2024-12-27,2025-01-26,10676.62,EUR,Paid,2025-01-03,Net 30,9075.13
AP10984,Apex Consulting,2024-05-01,2024-05-31,12458.92,EUR,Open,,Net 30,10590.08
AP10985,Starlight Media,2024-06-03,2024-07-03,5675.81,GBP,Open,,Net 30,5675.81
AP10986,Fast Travel,2024-08-15,2024-09-14,12005.48,CAD,Open,,Net 30,6963.18
AP10987,Global Office,2024-06-23,2024-07-23,11013.37,CAD,Paid,2024-07-22,Net 30,6387.75
AP10988,Nexus Logistics,2024-03-14,2024-04-13,1563.95,CAD,Partial,,Net 30,907.09
AP10989,ABC Supplies,2024-04-15,2024-05-15,6944.59,CAD,Open,,Net 30,4027.86
AP10990,BluePrints,2024-06-08,2024-07-08,10337.08,CAD,Open,,Net 30,5995.51
AP10991,Nexus Logistics,2024-08-27,2024-09-26,1636.23,EUR,Open,,Net 30,1390.8
AP10992,Titan Manufacturing,2024-06-08,2024-07-08,3226.7,USD,Open,,Net 30,2549.09
AP10993,TechFlow Solutions,2024-05-21,2024-06-20,11614.53,GBP,Paid,2024-05-30,Net 30,11614.53
AP10994,ABC Supplies,2024-05-20,2024-06-19,14378.64,CAD,Partial,,Net 30,8339.61
AP10995,Fast Travel,2024-04-15,2024-05-15,8285.55,EUR,Open,,Net 30,7042.72
AP10996,TechFlow Solutions,2024-10-20,2024-11-19,1161.52,CAD,Paid,2024-11-11,Net 30,673.68
AP10997,Apex Consulting,2024-01-26,2024-02-25,7113.96,GBP,Open,,Net 30,7113.96
AP10998,Green Energy Co,2024-01-28,2024-02-27,5939.56,CAD,Partial,,Net 30,3444.94
AP10999,Apex Consulting,2024-11-11,2024-12-11,5051.75,USD,Partial,,Net 30,3990.88
